/*
Navicat MySQL Data Transfer

Source Server         : 127.0.0.1
Source Server Version : 50719
Source Host           : 127.0.0.1:3306
Source Database       : lovemm

Target Server Type    : MYSQL
Target Server Version : 50719
File Encoding         : 65001

Date: 2018-09-15 21:10:46
*/

SET FOREIGN_KEY_CHECKS=0;

-- ----------------------------
-- Table structure for admin
-- ----------------------------
DROP TABLE IF EXISTS `admin`;
CREATE TABLE `admin` (
  `id` bigint(20) NOT NULL AUTO_INCREMENT COMMENT '自增主键',
  `user_name` varchar(50) NOT NULL COMMENT '用户名',
  `user_passwd` varchar(100) NOT NULL COMMENT '加密密码',
  `last_login_time` datetime(3) NOT NULL COMMENT '最后登录时间',
  `create_time` datetime(3) NOT NULL COMMENT '创建时间',
  `is_delete` bit(1) NOT NULL COMMENT '是否删除',
  PRIMARY KEY (`id`)
) ENGINE=InnoDB AUTO_INCREMENT=2 DEFAULT CHARSET=utf8;

-- ----------------------------
-- Records of admin
-- ----------------------------
INSERT INTO `admin` VALUES ('1', 'loliconck', '895b317c76b8e504c2fb32dbb4420178f60ce321', '2016-12-08 21:57:58.247', '2016-08-05 12:49:14.640', '\0');

-- ----------------------------
-- Table structure for album
-- ----------------------------
DROP TABLE IF EXISTS `album`;
CREATE TABLE `album` (
  `id` bigint(20) NOT NULL AUTO_INCREMENT COMMENT '自增主键',
  `channel_id` bigint(20) NOT NULL COMMENT '频道ID',
  `album_name` varchar(100) NOT NULL COMMENT '相册名称',
  `is_valid` bit(1) NOT NULL COMMENT '是否有效',
  `hit_count` bigint(20) NOT NULL COMMENT '浏览次数',
  `has_thumbnail` bit(1) NOT NULL DEFAULT b'0',
  `remark` varchar(500) DEFAULT NULL COMMENT '备注',
  `create_time` datetime(3) NOT NULL COMMENT '创建时间',
  `is_delete` bit(1) NOT NULL DEFAULT b'0' COMMENT '是否删除',
  PRIMARY KEY (`id`)
) ENGINE=InnoDB AUTO_INCREMENT=61 DEFAULT CHARSET=utf8;

-- ----------------------------
-- Records of album
-- ----------------------------
INSERT INTO `album` VALUES ('1', '1', '从零开始的异世界生活cosplay', '', '390', '\0', '《从零开始的异世界生活》爱蜜莉雅有着银发和蓝紫色瞳孔的美丽少女。美女cosplay的写真简直美如画，服装很是好看哟~~', '2016-08-05 13:56:26.023', '\0');
INSERT INTO `album` VALUES ('2', '1', '刘诗诗优雅气质写真', '', '343', '\0', '气质美女刘诗诗的写真只能用惊艳来形容，美美的她五官非常的精致，近乎素颜的她穿着黑色的简洁利落的服装更显得率性十足，如此美的诗诗你喜欢么~~', '2016-08-05 17:15:12.790', '\0');
INSERT INTO `album` VALUES ('3', '7', '长腿美女情趣护士制服诱惑', '', '285', '\0', null, '2016-08-08 22:52:33.633', '\0');
INSERT INTO `album` VALUES ('4', '6', '低调的童颜少女Barbie可儿', '', '431', '\0', null, '2016-08-08 23:06:08.627', '\0');
INSERT INTO `album` VALUES ('5', '6', '可儿傲娇巨乳翘臀写真', '', '391', '\0', null, '2016-08-08 23:08:55.077', '\0');
INSERT INTO `album` VALUES ('6', '3', '半裸制服写真小妹纯小希', '', '419', '\0', null, '2016-08-16 22:53:04.997', '\0');
INSERT INTO `album` VALUES ('7', '3', '酒店私房美女小夕Kitty', '', '605', '\0', null, '2016-08-16 22:57:41.947', '\0');
INSERT INTO `album` VALUES ('8', '3', '嫩模小九Vin活力四射', '', '701', '\0', null, '2016-08-16 23:00:31.517', '\0');
INSERT INTO `album` VALUES ('9', '4', '嫩模小九Vin国旗装娇羞可爱', '', '493', '\0', null, '2016-08-16 23:01:50.597', '\0');
INSERT INTO `album` VALUES ('10', '4', '清纯大胸学生妹大玩制服诱惑', '', '662', '\0', null, '2016-08-16 23:02:37.317', '\0');
INSERT INTO `album` VALUES ('11', '6', '超级有爱的开心学妹松下美保', '', '512', '\0', null, '2016-08-16 23:05:27.790', '\0');
INSERT INTO `album` VALUES ('12', '6', '出水芙蓉柳侑绮Sevenbaby', '', '525', '\0', null, '2016-08-16 23:06:22.470', '\0');
INSERT INTO `album` VALUES ('13', '6', '可爱无极限小妞蜜嘟喵', '', '422', '\0', null, '2016-08-16 23:07:30.437', '\0');
INSERT INTO `album` VALUES ('14', '6', '萌萌的学妹柳侑绮Sevenbaby', '', '547', '\0', null, '2016-08-16 23:12:58.110', '\0');
INSERT INTO `album` VALUES ('15', '6', '清纯少女王馨瑶公路翘臀诱惑', '', '288', '\0', null, '2016-08-16 23:14:35.870', '\0');
INSERT INTO `album` VALUES ('16', '4', '可爱少女蜜嘟喵的条纹袜', '', '543', '\0', null, '2016-08-16 23:15:56.567', '\0');
INSERT INTO `album` VALUES ('17', '7', '性感美女田孝媛翘臀诱惑超大胆', '', '456', '\0', null, '2016-08-16 23:17:14.847', '\0');
INSERT INTO `album` VALUES ('18', '4', '美女纯小希私房大尺度诱惑写真', '', '449', '\0', null, '2016-10-23 16:34:56.133', '\0');
INSERT INTO `album` VALUES ('19', '4', '童颜尤物娇美身姿', '', '303', '\0', null, '2016-10-23 16:36:35.510', '\0');
INSERT INTO `album` VALUES ('20', '5', '妩媚女秘书长腿黑丝诱惑', '', '513', '\0', null, '2016-10-23 16:38:54.257', '\0');
INSERT INTO `album` VALUES ('21', '5', 'OL美女田心心英姿飒爽之白丝', '', '368', '\0', null, '2016-10-23 16:40:32.200', '\0');
INSERT INTO `album` VALUES ('22', '5', 'OL美女田心心英姿飒爽之黑丝', '', '473', '\0', null, '2016-10-23 16:41:45.927', '\0');
INSERT INTO `album` VALUES ('23', '7', '小护士性感写真拯救宅男', '', '254', '\0', null, '2016-10-23 16:53:32.967', '\0');
INSERT INTO `album` VALUES ('24', '6', '软萌可爱的眼睛娘', '', '318', '\0', null, '2016-10-23 16:56:02.517', '\0');
INSERT INTO `album` VALUES ('25', '5', '床上制服美女黑丝美腿私房写真', '', '309', '\0', null, '2016-10-23 21:25:22.847', '\0');
INSERT INTO `album` VALUES ('26', '5', '甜美长腿丝袜美女图片高清', '', '408', '\0', null, '2016-10-23 21:26:21.960', '\0');
INSERT INTO `album` VALUES ('27', '5', '性感美女薇薇Vivian私房写真', '', '359', '\0', null, '2016-10-23 21:27:41.320', '\0');
INSERT INTO `album` VALUES ('28', '5', '长腿美女秘书乔柯涵极品肉丝写真', '', '853', '\0', null, '2016-10-23 21:28:30.280', '\0');
INSERT INTO `album` VALUES ('29', '5', '姐妹花ALAN&诺言丝袜美腿恋足', '', '595', '\0', null, '2016-10-23 21:29:46.943', '\0');
INSERT INTO `album` VALUES ('30', '5', '性感白丝袜猫女歆小兔chobits', '', '603', '\0', null, '2016-10-23 21:31:13.183', '\0');
INSERT INTO `album` VALUES ('31', '5', '嫩模Winki丝姬丝袜美腿极度诱惑', '', '601', '\0', null, '2016-10-23 21:32:17.137', '\0');
INSERT INTO `album` VALUES ('32', '3', '90后清纯美女韩子萱性感写真', '', '928', '\0', null, '2016-10-23 21:34:30.720', '\0');
INSERT INTO `album` VALUES ('33', '3', '清纯甜美妹子范亚璇自拍照', '', '336', '\0', null, '2016-10-23 21:35:27.593', '\0');
INSERT INTO `album` VALUES ('34', '3', '性感好身材美女图片高清', '', '326', '\0', null, '2016-10-23 21:36:27.847', '\0');
INSERT INTO `album` VALUES ('35', '3', '长腿美女内衣性感写真', '', '387', '\0', null, '2016-10-23 21:37:05.337', '\0');
INSERT INTO `album` VALUES ('36', '3', '清新美女闺蜜学生制服写真', '', '344', '\0', null, '2016-10-23 21:38:02.200', '\0');
INSERT INTO `album` VALUES ('37', '8', '90后清纯校花cos护士微博美照', '', '442', '\0', null, '2016-10-23 21:39:28.143', '\0');
INSERT INTO `album` VALUES ('38', '8', '本间芽衣子cos神还原泳衣萝莉', '', '395', '\0', null, '2016-10-23 21:40:23.153', '\0');
INSERT INTO `album` VALUES ('39', '8', '超性感高清美女', '', '317', '\0', null, '2016-10-23 21:41:04.697', '\0');
INSERT INTO `album` VALUES ('40', '8', '丰满性感泳池美女火辣写真', '', '189', '\0', null, '2016-10-23 21:41:46.417', '\0');
INSERT INTO `album` VALUES ('41', '8', '极品清秀女仆装美女', '', '299', '\0', null, '2016-10-23 21:42:21.327', '\0');
INSERT INTO `album` VALUES ('42', '8', '可爱美眉的私房制服诱惑', '', '395', '\0', null, '2016-10-23 21:43:02.800', '\0');
INSERT INTO `album` VALUES ('43', '8', '美眉小希清纯可爱私房照', '', '331', '\0', null, '2016-10-23 21:43:43.990', '\0');
INSERT INTO `album` VALUES ('44', '8', '性感内衣美女私房诱惑合集', '', '381', '\0', null, '2016-10-23 21:44:16.910', '\0');
INSERT INTO `album` VALUES ('45', '8', '治愈系美女电脑高清桌面壁纸', '', '191', '\0', null, '2016-10-23 21:45:02.230', '\0');
INSERT INTO `album` VALUES ('46', '7', 'G罩杯超性感护士美女私房照', '', '260', '\0', null, '2016-10-23 21:46:26.383', '\0');
INSERT INTO `album` VALUES ('47', '7', '妩媚御姐Lalababy性感护士装写真', '', '324', '\0', null, '2016-10-23 21:47:04.400', '\0');
INSERT INTO `album` VALUES ('48', '7', '爱笑的性感小护士', '', '405', '\0', null, '2016-10-23 21:47:55.280', '\0');
INSERT INTO `album` VALUES ('49', '7', '新垣结衣性感美女护士秀傲人上围', '', '275', '\0', null, '2016-10-23 21:48:49.423', '\0');
INSERT INTO `album` VALUES ('50', '7', '性感护士装美女薇薇Vivian私房写真', '', '2391', '\0', null, '2016-10-23 21:49:34.750', '\0');
INSERT INTO `album` VALUES ('51', '7', '长腿丝袜妹子馨雅Adela护士装私房', '', '372', '\0', null, '2016-10-23 21:50:41.000', '\0');
INSERT INTO `album` VALUES ('52', '7', '性感护士美眉吃香蕉私房写真', '', '580', '\0', null, '2016-10-23 21:51:26.833', '\0');
INSERT INTO `album` VALUES ('53', '7', '护士姐妹花大尺度性感私房写真', '', '673', '\0', null, '2016-10-23 21:52:19.657', '\0');
INSERT INTO `album` VALUES ('54', '4', '性感黑色内衣美女家居写真', '', '216', '\0', null, '2016-10-23 21:58:45.240', '\0');
INSERT INTO `album` VALUES ('55', '4', '性感美女嫩模王沫儿私房写真', '', '274', '\0', null, '2016-10-23 21:59:24.183', '\0');
INSERT INTO `album` VALUES ('56', '4', '长腿丝袜妹子馨雅Adela私房图片', '', '391', '\0', null, '2016-10-23 22:00:00.880', '\0');
INSERT INTO `album` VALUES ('57', '1', '清纯靓丽的甜美妹子支伟婷自拍照', '', '360', '\0', null, '2016-10-23 22:01:10.777', '\0');
INSERT INTO `album` VALUES ('58', '1', '双马尾美女图片巨乳写真', '', '321', '\0', null, '2016-10-23 22:01:48.457', '\0');
INSERT INTO `album` VALUES ('59', '3', '清纯学妹女仆装', '', '335', '\0', null, '2016-12-08 21:58:26.827', '\0');
INSERT INTO `album` VALUES ('60', '4', '总决赛韩国美姬写真', '', '421', '\0', null, '2016-12-08 22:07:47.383', '\0');

-- ----------------------------
-- Table structure for channel
-- ----------------------------
DROP TABLE IF EXISTS `channel`;
CREATE TABLE `channel` (
  `id` bigint(20) NOT NULL AUTO_INCREMENT COMMENT '自增主键',
  `channel_name` varchar(100) NOT NULL COMMENT '频道名称',
  `order_num` int(11) NOT NULL COMMENT '排序',
  `is_valid` bit(1) NOT NULL COMMENT '是否有效',
  `hit_count` bigint(20) NOT NULL COMMENT '浏览次数',
  `is_special` bit(1) NOT NULL COMMENT '是否推荐',
  `thumbnail_name` varchar(100) DEFAULT NULL COMMENT '缩略图',
  `remark` varchar(500) DEFAULT NULL COMMENT '备注',
  `create_time` datetime(3) NOT NULL COMMENT '创建时间',
  `is_delete` bit(1) NOT NULL COMMENT '是否删除',
  PRIMARY KEY (`id`)
) ENGINE=InnoDB AUTO_INCREMENT=9 DEFAULT CHARSET=utf8;

-- ----------------------------
-- Records of channel
-- ----------------------------
INSERT INTO `channel` VALUES ('1', '置顶', '0', '', '75', '\0', null, null, '2016-08-05 13:20:09.640', '\0');
INSERT INTO `channel` VALUES ('2', '唐嫣', '0', '\0', '2', '', '5aee90b75dee4aa6993bfa89ec14d953.jpg', '唐嫣，1983年12月6日出生于上海，中国女演员。众多的戏剧影视作品让唐嫣博获得不少人气，众多活动的多变造型树立其在大众心中“百变小天后”的形象。身材高挑，笑容甜美的唐嫣是你的偶像吗?', '2016-08-05 13:41:00.570', '\0');
INSERT INTO `channel` VALUES ('3', '推荐美图', '0', '', '226', '\0', null, null, '2016-08-08 22:33:20.213', '\0');
INSERT INTO `channel` VALUES ('4', '性感美女', '0', '', '246', '\0', null, null, '2016-08-08 22:33:43.327', '\0');
INSERT INTO `channel` VALUES ('5', '黑丝OR白丝', '0', '', '281', '\0', null, null, '2016-08-08 22:33:59.143', '\0');
INSERT INTO `channel` VALUES ('6', '萌萝莉', '0', '', '287', '\0', null, null, '2016-08-08 22:34:24.567', '\0');
INSERT INTO `channel` VALUES ('7', '小护士', '0', '', '277', '\0', null, null, '2016-08-08 22:34:33.240', '\0');
INSERT INTO `channel` VALUES ('8', '清纯尤物', '0', '', '224', '\0', null, null, '2016-10-23 19:33:03.477', '\0');

-- ----------------------------
-- Table structure for picture
-- ----------------------------
DROP TABLE IF EXISTS `picture`;
CREATE TABLE `picture` (
  `id` bigint(20) NOT NULL COMMENT '自增主键',
  `channel_id` bigint(20) NOT NULL COMMENT '频道ID',
  `album_id` bigint(20) NOT NULL COMMENT '相册ID',
  `pic_name` varchar(300) NOT NULL COMMENT '图片名称',
  `is_thumbnail` bit(1) NOT NULL COMMENT '是否缩略图',
  `create_time` datetime(3) NOT NULL COMMENT '创建时间',
  `is_delete` bit(1) NOT NULL COMMENT '是否删除',
  PRIMARY KEY (`id`)
) ENGINE=InnoDB DEFAULT CHARSET=utf8;

-- ----------------------------
-- Records of picture
-- ----------------------------
INSERT INTO `picture` VALUES ('1', '1', '1', 'c9f74aaaf619496b8591ccc2c6fbcb8b.jpg', '\0', '2016-08-05 13:58:42.093', '\0');
INSERT INTO `picture` VALUES ('2', '1', '1', '8a32b0a6d67a4a4796c272562ced0618.jpg', '\0', '2016-08-05 13:58:42.213', '\0');
INSERT INTO `picture` VALUES ('3', '1', '1', 'da771650ed67474e83af3b47a751f101.jpg', '\0', '2016-08-05 13:58:42.277', '\0');
INSERT INTO `picture` VALUES ('4', '1', '1', 'bab861ca764542c09bc25136b82c2252.jpg', '\0', '2016-08-05 13:58:42.340', '\0');
INSERT INTO `picture` VALUES ('5', '1', '1', 'e5b965b2b2cc4dcb890296d303352b34.jpg', '\0', '2016-08-05 13:58:42.413', '\0');
INSERT INTO `picture` VALUES ('6', '1', '1', 'bce893cbfbe84ef695e2c38a1a7ef117.jpg', '\0', '2016-08-05 13:58:42.470', '\0');
INSERT INTO `picture` VALUES ('7', '1', '1', '52e77850ac354dcaafcd1095a4c71662.jpg', '\0', '2016-08-05 13:58:42.560', '\0');
INSERT INTO `picture` VALUES ('8', '1', '1', '944aad93728945d99f086eb2f72e32a1.jpg', '\0', '2016-08-05 13:58:42.707', '\0');
INSERT INTO `picture` VALUES ('9', '1', '1', '8a071d6d06744f6793ad50df8b40b540.jpg', '\0', '2016-08-05 13:58:42.823', '\0');
INSERT INTO `picture` VALUES ('10', '1', '1', 'd05d0853a7a74cec9c37e7cdc58a4c62.jpg', '\0', '2016-08-05 13:58:42.963', '\0');
INSERT INTO `picture` VALUES ('11', '1', '1', '0f2b3a109f764f358294c1b1e8adee46.jpg', '', '2016-08-05 13:58:43.090', '\0');
INSERT INTO `picture` VALUES ('12', '1', '2', '5649ac1fa7514b04b0a2af453f8e3198.jpg', '\0', '2016-08-05 17:15:24.417', '\0');
INSERT INTO `picture` VALUES ('13', '1', '2', '34ff73557bda4a30a7a186ba1cec7195.jpg', '\0', '2016-08-05 17:15:24.550', '\0');
INSERT INTO `picture` VALUES ('14', '1', '2', '1a8ab4c2f57247f7b4981b9928d76b8b.jpg', '\0', '2016-08-05 17:15:24.627', '\0');
INSERT INTO `picture` VALUES ('15', '1', '2', '1b4e8f87ff504955985d4c204288a2ef.jpg', '', '2016-08-05 17:15:24.747', '\0');
INSERT INTO `picture` VALUES ('16', '1', '2', 'cd4f9372a04146ea98581d43b32097dd.jpg', '\0', '2016-08-05 17:15:24.827', '\0');
INSERT INTO `picture` VALUES ('17', '1', '2', 'c1e42da486ee4ccfbec0c7825778e2e5.jpg', '\0', '2016-08-05 17:15:24.950', '\0');
INSERT INTO `picture` VALUES ('18', '1', '2', '1d39280925114575a3efbfc9fdd26c36.jpg', '\0', '2016-08-05 17:15:25.020', '\0');
INSERT INTO `picture` VALUES ('19', '1', '2', '6e2867d92c5846a2820a802906745a17.jpg', '\0', '2016-08-05 17:15:25.170', '\0');
INSERT INTO `picture` VALUES ('20', '7', '3', '3a8ed986913a44d990dd3a0fc578f5ca.jpg', '\0', '2016-08-08 22:53:07.723', '\0');
INSERT INTO `picture` VALUES ('21', '7', '3', '64fffebb00694603852c9d37c683f9a1.jpg', '\0', '2016-08-08 22:53:07.837', '\0');
INSERT INTO `picture` VALUES ('22', '7', '3', 'a4757ff86e94446f8a79b23a46283f2f.jpg', '\0', '2016-08-08 22:53:07.983', '\0');
INSERT INTO `picture` VALUES ('23', '7', '3', 'b5da1a8f2bf54efd94a75bc5d9d943ea.jpg', '\0', '2016-08-08 22:53:08.067', '\0');
INSERT INTO `picture` VALUES ('24', '7', '3', 'ad394b5d471145539f78f001dc2706c1.jpg', '\0', '2016-08-08 22:53:08.123', '\0');
INSERT INTO `picture` VALUES ('25', '7', '3', '261073ebfbf747ebafe6361214ec6fbd.jpg', '\0', '2016-08-08 22:53:08.207', '\0');
INSERT INTO `picture` VALUES ('26', '7', '3', '2eb6c140e59a43479b372b01fdf87f3a.jpg', '\0', '2016-08-08 22:53:08.400', '\0');
INSERT INTO `picture` VALUES ('27', '7', '3', '3c6723468b19418896e11f944a7448d8.jpg', '\0', '2016-08-08 22:53:08.487', '\0');
INSERT INTO `picture` VALUES ('28', '7', '3', 'c338c015a74a4b54b36f9c2a54085e79.jpg', '', '2016-08-08 22:53:08.590', '\0');
INSERT INTO `picture` VALUES ('29', '6', '4', 'be08ec67e7974e78bb48d00a54bedf1c.jpg', '\0', '2016-08-08 23:06:38.320', '\0');
INSERT INTO `picture` VALUES ('30', '6', '4', 'cbe2f41248144141970286e212bc5355.jpg', '\0', '2016-08-08 23:06:38.487', '\0');
INSERT INTO `picture` VALUES ('31', '6', '4', '73d16a71abda49feb8bd90f90d62f7b3.jpg', '\0', '2016-08-08 23:06:38.563', '\0');
INSERT INTO `picture` VALUES ('32', '6', '4', 'c31432d038f2474ab0833def7ff56a3b.jpg', '\0', '2016-08-08 23:06:38.660', '\0');
INSERT INTO `picture` VALUES ('33', '6', '4', '34a8db592a0f42c788460ad553acd4e2.jpg', '\0', '2016-08-08 23:06:38.830', '\0');
INSERT INTO `picture` VALUES ('34', '6', '4', '15a23d1f348c45c8a794cb38c4c30a70.jpg', '\0', '2016-08-08 23:06:38.910', '\0');
INSERT INTO `picture` VALUES ('35', '6', '4', '04e2410bba314e93ad38ddca5d0d335c.jpg', '\0', '2016-08-08 23:06:39.107', '\0');
INSERT INTO `picture` VALUES ('36', '6', '4', '1235971a29fb4db8b183bf8aab9a6f2b.jpg', '\0', '2016-08-08 23:06:39.287', '\0');
INSERT INTO `picture` VALUES ('37', '6', '4', 'f3f6e8e2e0a64c2eab1caf9d7b50c1f0.jpg', '\0', '2016-08-08 23:06:39.360', '\0');
INSERT INTO `picture` VALUES ('38', '6', '4', '0d826e16e5664a8b89ca2383706e229e.jpg', '\0', '2016-08-08 23:06:39.427', '\0');
INSERT INTO `picture` VALUES ('39', '6', '4', 'acbf319b40154edca78714d71bfbc1bd.jpg', '\0', '2016-08-08 23:06:39.490', '\0');
INSERT INTO `picture` VALUES ('40', '6', '4', 'a29e783fa6ca462790674da0820f6556.jpg', '', '2016-08-08 23:06:39.570', '\0');
INSERT INTO `picture` VALUES ('41', '6', '4', 'fc7f9bc232ba4522b597a5ae23f9b686.jpg', '\0', '2016-08-08 23:06:39.710', '\0');
INSERT INTO `picture` VALUES ('42', '6', '4', '096ea1867ef54a1e9a3b7e0424c42955.jpg', '\0', '2016-08-08 23:06:39.830', '\0');
INSERT INTO `picture` VALUES ('43', '6', '4', '82eeb901a9f84a5c9233008a51b8d31b.jpg', '\0', '2016-08-08 23:06:39.890', '\0');
INSERT INTO `picture` VALUES ('44', '6', '4', '4168c9f8c56b4f738e534110a122dd49.jpg', '\0', '2016-08-08 23:06:39.970', '\0');
INSERT INTO `picture` VALUES ('45', '6', '5', '9bea7f35ad514da0b463640440d3ee1d.jpg', '\0', '2016-08-08 23:09:44.720', '\0');
INSERT INTO `picture` VALUES ('46', '6', '5', 'b27cfeeb6244443b93cc5654926a66cf.jpg', '\0', '2016-08-08 23:09:44.777', '\0');
INSERT INTO `picture` VALUES ('47', '6', '5', '1519f8a787404744b671e263c8cfe697.jpg', '\0', '2016-08-08 23:09:44.883', '\0');
INSERT INTO `picture` VALUES ('48', '6', '5', '595bf8b8d9914b56aa861859515e6662.jpg', '\0', '2016-08-08 23:09:45.027', '\0');
INSERT INTO `picture` VALUES ('49', '6', '5', 'b6b9c92d1d5b4189989d796dd71cca42.jpg', '\0', '2016-08-08 23:09:45.130', '\0');
INSERT INTO `picture` VALUES ('50', '6', '5', '52a5f62df8ac4933987167bd8116f757.jpg', '\0', '2016-08-08 23:09:45.197', '\0');
INSERT INTO `picture` VALUES ('51', '6', '5', '196f02c3714d4e318033435647389f11.jpg', '\0', '2016-08-08 23:09:45.240', '\0');
INSERT INTO `picture` VALUES ('52', '6', '5', 'af1b35efaf7440148712f75e0cf0a70e.jpg', '\0', '2016-08-08 23:09:45.320', '\0');
INSERT INTO `picture` VALUES ('53', '6', '5', '140c674b3b6d4dacbc4a8926424ac5de.jpg', '\0', '2016-08-08 23:09:45.377', '\0');
INSERT INTO `picture` VALUES ('54', '6', '5', '69e7ae8a1c6a473bb975a9e80aba0e97.jpg', '\0', '2016-08-08 23:09:45.483', '\0');
INSERT INTO `picture` VALUES ('55', '6', '5', '5ab844a8e7324ee0aaaeec32f2cb39ff.jpg', '\0', '2016-08-08 23:09:45.633', '\0');
INSERT INTO `picture` VALUES ('56', '6', '5', '909bf0de3c81472b870ab8685e6cf524.jpg', '', '2016-08-08 23:09:45.707', '\0');
INSERT INTO `picture` VALUES ('57', '6', '5', '537bd42c234245b2a3ec8d3f9fb823e3.jpg', '\0', '2016-08-08 23:09:45.770', '\0');
INSERT INTO `picture` VALUES ('58', '6', '5', '2841a6c58d9a4546b99bc9f17509a21b.jpg', '\0', '2016-08-08 23:09:45.860', '\0');
INSERT INTO `picture` VALUES ('59', '6', '5', '4a7b928925e24eaba39a6f6464aa33de.jpg', '\0', '2016-08-08 23:09:45.907', '\0');
INSERT INTO `picture` VALUES ('60', '6', '5', '7c4e6c2e105a4cb1a9c0539b4a9d6869.jpg', '\0', '2016-08-08 23:09:45.983', '\0');
INSERT INTO `picture` VALUES ('61', '6', '5', '679db47d807740bfbb8b76cbb3b84f62.jpg', '\0', '2016-08-08 23:09:46.040', '\0');
INSERT INTO `picture` VALUES ('62', '3', '6', 'e1492629e406434ca8374cdf804aac32.jpg', '', '2016-08-16 22:54:08.287', '\0');
INSERT INTO `picture` VALUES ('63', '3', '6', '69ecf003a83b4556b31b1901787a1851.jpg', '\0', '2016-08-16 22:54:08.523', '\0');
INSERT INTO `picture` VALUES ('64', '3', '6', '026ba68f99ac4360aafc5e8b234e0855.jpg', '\0', '2016-08-16 22:54:08.703', '\0');
INSERT INTO `picture` VALUES ('65', '3', '6', 'e9a9201ff48a48d385503cdddb8f053f.jpg', '\0', '2016-08-16 22:54:08.890', '\0');
INSERT INTO `picture` VALUES ('66', '3', '6', '6614ef7f28504729adba155ebe1fe8e9.jpg', '\0', '2016-08-16 22:54:09.090', '\0');
INSERT INTO `picture` VALUES ('67', '3', '6', '888fce2be8c149cd8dfd24042637c9a1.jpg', '\0', '2016-08-16 22:54:09.167', '\0');
INSERT INTO `picture` VALUES ('68', '3', '6', 'b823f9f6d1ff49e29aa4a1328bb8d4bc.jpg', '\0', '2016-08-16 22:54:09.240', '\0');
INSERT INTO `picture` VALUES ('69', '3', '6', '2fe2af9d7a14405a821fd414f23ae816.jpg', '\0', '2016-08-16 22:54:09.403', '\0');
INSERT INTO `picture` VALUES ('70', '3', '6', 'cc6a87d8042a42fc931affb7ab3f370e.jpg', '\0', '2016-08-16 22:54:09.517', '\0');
INSERT INTO `picture` VALUES ('71', '3', '6', '93d585f68a634c7a95fd568c94138aa7.jpg', '\0', '2016-08-16 22:54:09.660', '\0');
INSERT INTO `picture` VALUES ('72', '3', '6', 'ececc8f04e274519b8b0a56a4e6e07a2.jpg', '\0', '2016-08-16 22:54:09.800', '\0');
INSERT INTO `picture` VALUES ('73', '3', '6', '0b566d7246d04e41b3b892b0a027e72b.jpg', '\0', '2016-08-16 22:54:09.893', '\0');
INSERT INTO `picture` VALUES ('74', '3', '6', '9f299926a01a4fd7823fd50f76722ad6.jpg', '\0', '2016-08-16 22:54:10.003', '\0');
INSERT INTO `picture` VALUES ('75', '3', '6', '01d581cd7eeb4193a96451756b757441.jpg', '\0', '2016-08-16 22:54:10.103', '\0');
INSERT INTO `picture` VALUES ('76', '3', '6', 'fb4fd9f0ac044c1ea2f8fe85ddf5a5a9.jpg', '\0', '2016-08-16 22:54:10.263', '\0');
INSERT INTO `picture` VALUES ('77', '3', '6', 'a3ca42f84db4428fbb88dcf454386426.jpg', '\0', '2016-08-16 22:54:10.357', '\0');
INSERT INTO `picture` VALUES ('78', '3', '6', '49070924600640ffb102aadc70afe876.jpg', '\0', '2016-08-16 22:54:10.427', '\0');
INSERT INTO `picture` VALUES ('79', '3', '6', 'f177fe70751c4ca184a505c8054b6394.jpg', '\0', '2016-08-16 22:54:10.520', '\0');
INSERT INTO `picture` VALUES ('80', '3', '6', '79db8e747309474baf9e1a8b63e62791.jpg', '\0', '2016-08-16 22:54:10.677', '\0');
INSERT INTO `picture` VALUES ('81', '3', '6', '670d742d2bae459c9c7af1065b1365c3.jpg', '\0', '2016-08-16 22:54:10.757', '\0');
INSERT INTO `picture` VALUES ('82', '3', '7', '20160816230004012.jpg', '\0', '2016-08-16 23:00:04.070', '\0');
INSERT INTO `picture` VALUES ('83', '3', '7', '20160816230004129.jpg', '\0', '2016-08-16 23:00:04.207', '\0');
INSERT INTO `picture` VALUES ('84', '3', '7', '20160816230004251.jpg', '\0', '2016-08-16 23:00:04.297', '\0');
INSERT INTO `picture` VALUES ('85', '3', '7', '20160816230004315.jpg', '\0', '2016-08-16 23:00:04.357', '\0');
INSERT INTO `picture` VALUES ('86', '3', '7', '20160816230004382.jpg', '\0', '2016-08-16 23:00:04.427', '\0');
INSERT INTO `picture` VALUES ('87', '3', '7', '20160816230004461.jpg', '', '2016-08-16 23:00:04.487', '\0');
INSERT INTO `picture` VALUES ('88', '3', '7', '20160816230004532.jpg', '\0', '2016-08-16 23:00:04.577', '\0');
INSERT INTO `picture` VALUES ('89', '3', '7', '20160816230004678.jpg', '\0', '2016-08-16 23:00:04.743', '\0');
INSERT INTO `picture` VALUES ('90', '3', '7', '20160816230004796.jpg', '\0', '2016-08-16 23:00:04.867', '\0');
INSERT INTO `picture` VALUES ('91', '3', '7', '20160816230005037.jpg', '\0', '2016-08-16 23:00:05.133', '\0');
INSERT INTO `picture` VALUES ('92', '3', '7', '20160816230005197.jpg', '\0', '2016-08-16 23:00:05.230', '\0');
INSERT INTO `picture` VALUES ('93', '3', '7', '20160816230005250.jpg', '\0', '2016-08-16 23:00:05.297', '\0');
INSERT INTO `picture` VALUES ('94', '3', '7', '20160816230005312.jpg', '\0', '2016-08-16 23:00:05.357', '\0');
INSERT INTO `picture` VALUES ('95', '3', '7', '20160816230005379.jpg', '\0', '2016-08-16 23:00:05.423', '\0');
INSERT INTO `picture` VALUES ('96', '3', '7', '20160816230005446.jpg', '\0', '2016-08-16 23:00:05.493', '\0');
INSERT INTO `picture` VALUES ('97', '3', '7', '20160816230005513.jpg', '\0', '2016-08-16 23:00:05.543', '\0');
INSERT INTO `picture` VALUES ('98', '3', '7', '20160816230005752.jpg', '\0', '2016-08-16 23:00:05.823', '\0');
INSERT INTO `picture` VALUES ('99', '3', '7', '20160816230005851.jpg', '\0', '2016-08-16 23:00:05.887', '\0');
INSERT INTO `picture` VALUES ('100', '3', '7', '20160816230005913.jpg', '\0', '2016-08-16 23:00:05.940', '\0');
INSERT INTO `picture` VALUES ('101', '3', '7', '20160816230005984.jpg', '\0', '2016-08-16 23:00:06.047', '\0');
INSERT INTO `picture` VALUES ('102', '3', '7', '20160816230006126.jpg', '\0', '2016-08-16 23:00:06.173', '\0');
INSERT INTO `picture` VALUES ('103', '3', '7', '20160816230006247.jpg', '\0', '2016-08-16 23:00:06.293', '\0');
INSERT INTO `picture` VALUES ('104', '3', '7', '20160816230006322.jpg', '\0', '2016-08-16 23:00:06.363', '\0');
INSERT INTO `picture` VALUES ('105', '3', '7', '20160816230006378.jpg', '\0', '2016-08-16 23:00:06.427', '\0');
INSERT INTO `picture` VALUES ('106', '3', '7', '20160816230006447.jpg', '\0', '2016-08-16 23:00:06.493', '\0');
INSERT INTO `picture` VALUES ('107', '3', '7', '20160816230006510.jpg', '\0', '2016-08-16 23:00:06.537', '\0');
INSERT INTO `picture` VALUES ('108', '3', '7', '20160816230006612.jpg', '\0', '2016-08-16 23:00:06.670', '\0');
INSERT INTO `picture` VALUES ('109', '3', '7', '20160816230006713.jpg', '\0', '2016-08-16 23:00:06.763', '\0');
INSERT INTO `picture` VALUES ('110', '3', '7', '20160816230006781.jpg', '\0', '2016-08-16 23:00:06.807', '\0');
INSERT INTO `picture` VALUES ('111', '3', '7', '20160816230006847.jpg', '\0', '2016-08-16 23:00:06.897', '\0');
INSERT INTO `picture` VALUES ('112', '3', '7', '20160816230006914.jpg', '\0', '2016-08-16 23:00:06.960', '\0');
INSERT INTO `picture` VALUES ('113', '3', '7', '20160816230006980.jpg', '\0', '2016-08-16 23:00:07.027', '\0');
INSERT INTO `picture` VALUES ('114', '3', '7', '20160816230007045.jpg', '\0', '2016-08-16 23:00:07.093', '\0');
INSERT INTO `picture` VALUES ('115', '3', '7', '20160816230007111.jpg', '\0', '2016-08-16 23:00:07.160', '\0');
INSERT INTO `picture` VALUES ('116', '3', '8', '20160816230040976.jpg', '', '2016-08-16 23:00:41.040', '\0');
INSERT INTO `picture` VALUES ('117', '3', '8', '20160816230041082.jpg', '\0', '2016-08-16 23:00:41.143', '\0');
INSERT INTO `picture` VALUES ('118', '3', '8', '20160816230041263.jpg', '\0', '2016-08-16 23:00:41.317', '\0');
INSERT INTO `picture` VALUES ('119', '3', '8', '20160816230041348.jpg', '\0', '2016-08-16 23:00:41.390', '\0');
INSERT INTO `picture` VALUES ('120', '3', '8', '20160816230041421.jpg', '\0', '2016-08-16 23:00:41.463', '\0');
INSERT INTO `picture` VALUES ('121', '3', '8', '20160816230041478.jpg', '\0', '2016-08-16 23:00:41.523', '\0');
INSERT INTO `picture` VALUES ('122', '3', '8', '20160816230041688.jpg', '\0', '2016-08-16 23:00:41.757', '\0');
INSERT INTO `picture` VALUES ('123', '3', '8', '20160816230041854.jpg', '\0', '2016-08-16 23:00:41.917', '\0');
INSERT INTO `picture` VALUES ('124', '3', '8', '20160816230041962.jpg', '\0', '2016-08-16 23:00:42.010', '\0');
INSERT INTO `picture` VALUES ('125', '3', '8', '20160816230042115.jpg', '\0', '2016-08-16 23:00:42.177', '\0');
INSERT INTO `picture` VALUES ('126', '3', '8', '20160816230042232.jpg', '\0', '2016-08-16 23:00:42.277', '\0');
INSERT INTO `picture` VALUES ('127', '3', '8', '20160816230042344.jpg', '\0', '2016-08-16 23:00:42.393', '\0');
INSERT INTO `picture` VALUES ('128', '3', '8', '20160816230042411.jpg', '\0', '2016-08-16 23:00:42.457', '\0');
INSERT INTO `picture` VALUES ('129', '3', '8', '20160816230042498.jpg', '\0', '2016-08-16 23:00:42.540', '\0');
INSERT INTO `picture` VALUES ('130', '3', '8', '20160816230042611.jpg', '\0', '2016-08-16 23:00:42.657', '\0');
INSERT INTO `picture` VALUES ('131', '3', '8', '20160816230042702.jpg', '\0', '2016-08-16 23:00:42.747', '\0');
INSERT INTO `picture` VALUES ('132', '3', '8', '20160816230042845.jpg', '\0', '2016-08-16 23:00:42.907', '\0');
INSERT INTO `picture` VALUES ('133', '3', '8', '20160816230042946.jpg', '\0', '2016-08-16 23:00:42.993', '\0');
INSERT INTO `picture` VALUES ('134', '3', '8', '20160816230043012.jpg', '\0', '2016-08-16 23:00:43.060', '\0');
INSERT INTO `picture` VALUES ('135', '3', '8', '20160816230043077.jpg', '\0', '2016-08-16 23:00:43.150', '\0');
INSERT INTO `picture` VALUES ('136', '3', '8', '20160816230043211.jpg', '\0', '2016-08-16 23:00:43.260', '\0');
INSERT INTO `picture` VALUES ('137', '3', '8', '20160816230043279.jpg', '\0', '2016-08-16 23:00:43.323', '\0');
INSERT INTO `picture` VALUES ('138', '3', '8', '20160816230043345.jpg', '\0', '2016-08-16 23:00:43.390', '\0');
INSERT INTO `picture` VALUES ('139', '3', '8', '20160816230043413.jpg', '\0', '2016-08-16 23:00:43.440', '\0');
INSERT INTO `picture` VALUES ('140', '3', '8', '20160816230043489.jpg', '\0', '2016-08-16 23:00:43.540', '\0');
INSERT INTO `picture` VALUES ('141', '3', '8', '20160816230043613.jpg', '\0', '2016-08-16 23:00:43.663', '\0');
INSERT INTO `picture` VALUES ('142', '3', '8', '20160816230043678.jpg', '\0', '2016-08-16 23:00:43.703', '\0');
INSERT INTO `picture` VALUES ('143', '3', '8', '20160816230043999.jpg', '\0', '2016-08-16 23:00:44.083', '\0');
INSERT INTO `picture` VALUES ('144', '3', '8', '20160816230044185.jpg', '\0', '2016-08-16 23:00:44.257', '\0');
INSERT INTO `picture` VALUES ('145', '3', '8', '20160816230044277.jpg', '\0', '2016-08-16 23:00:44.323', '\0');
INSERT INTO `picture` VALUES ('146', '3', '8', '20160816230044481.jpg', '\0', '2016-08-16 23:00:44.597', '\0');
INSERT INTO `picture` VALUES ('147', '3', '8', '20160816230044611.jpg', '\0', '2016-08-16 23:00:44.657', '\0');
INSERT INTO `picture` VALUES ('148', '3', '8', '20160816230044678.jpg', '\0', '2016-08-16 23:00:44.723', '\0');
INSERT INTO `picture` VALUES ('149', '3', '8', '20160816230044747.jpg', '\0', '2016-08-16 23:00:44.793', '\0');
INSERT INTO `picture` VALUES ('150', '3', '8', '20160816230044853.jpg', '\0', '2016-08-16 23:00:44.897', '\0');
INSERT INTO `picture` VALUES ('151', '3', '8', '20160816230044990.jpg', '\0', '2016-08-16 23:00:45.037', '\0');
INSERT INTO `picture` VALUES ('152', '3', '8', '20160816230045091.jpg', '\0', '2016-08-16 23:00:45.137', '\0');
INSERT INTO `picture` VALUES ('153', '3', '8', '20160816230045212.jpg', '\0', '2016-08-16 23:00:45.257', '\0');
INSERT INTO `picture` VALUES ('154', '3', '8', '20160816230045280.jpg', '\0', '2016-08-16 23:00:45.353', '\0');
INSERT INTO `picture` VALUES ('155', '3', '8', '20160816230045413.jpg', '\0', '2016-08-16 23:00:45.460', '\0');
INSERT INTO `picture` VALUES ('156', '3', '8', '20160816230045481.jpg', '\0', '2016-08-16 23:00:45.527', '\0');
INSERT INTO `picture` VALUES ('157', '4', '9', '20160816230204993.jpg', '\0', '2016-08-16 23:02:05.083', '\0');
INSERT INTO `picture` VALUES ('158', '4', '9', '20160816230205138.jpg', '\0', '2016-08-16 23:02:05.180', '\0');
INSERT INTO `picture` VALUES ('159', '4', '9', '20160816230205198.jpg', '\0', '2016-08-16 23:02:05.263', '\0');
INSERT INTO `picture` VALUES ('160', '4', '9', '20160816230205368.jpg', '\0', '2016-08-16 23:02:05.433', '\0');
INSERT INTO `picture` VALUES ('161', '4', '9', '20160816230205478.jpg', '\0', '2016-08-16 23:02:05.523', '\0');
INSERT INTO `picture` VALUES ('162', '4', '9', '20160816230205639.jpg', '\0', '2016-08-16 23:02:05.697', '\0');
INSERT INTO `picture` VALUES ('163', '4', '9', '20160816230205745.jpg', '\0', '2016-08-16 23:02:05.803', '\0');
INSERT INTO `picture` VALUES ('164', '4', '9', '20160816230205925.jpg', '\0', '2016-08-16 23:02:06.033', '\0');
INSERT INTO `picture` VALUES ('165', '4', '9', '20160816230206261.jpg', '\0', '2016-08-16 23:02:06.363', '\0');
INSERT INTO `picture` VALUES ('166', '4', '9', '20160816230206401.jpg', '\0', '2016-08-16 23:02:06.443', '\0');
INSERT INTO `picture` VALUES ('167', '4', '9', '20160816230206463.jpg', '\0', '2016-08-16 23:02:06.513', '\0');
INSERT INTO `picture` VALUES ('168', '4', '9', '20160816230206556.jpg', '\0', '2016-08-16 23:02:06.600', '\0');
INSERT INTO `picture` VALUES ('169', '4', '9', '20160816230206663.jpg', '\0', '2016-08-16 23:02:06.710', '\0');
INSERT INTO `picture` VALUES ('170', '4', '9', '20160816230206730.jpg', '\0', '2016-08-16 23:02:06.777', '\0');
INSERT INTO `picture` VALUES ('171', '4', '9', '20160816230206796.jpg', '\0', '2016-08-16 23:02:06.843', '\0');
INSERT INTO `picture` VALUES ('172', '4', '9', '20160816230206861.jpg', '', '2016-08-16 23:02:06.907', '\0');
INSERT INTO `picture` VALUES ('173', '4', '10', '20160816230250825.jpg', '\0', '2016-08-16 23:02:50.880', '\0');
INSERT INTO `picture` VALUES ('174', '4', '10', '20160816230250932.jpg', '\0', '2016-08-16 23:02:51.017', '\0');
INSERT INTO `picture` VALUES ('175', '4', '10', '20160816230251049.jpg', '\0', '2016-08-16 23:02:51.163', '\0');
INSERT INTO `picture` VALUES ('176', '4', '10', '20160816230251192.jpg', '\0', '2016-08-16 23:02:51.247', '\0');
INSERT INTO `picture` VALUES ('177', '4', '10', '20160816230251353.jpg', '\0', '2016-08-16 23:02:51.393', '\0');
INSERT INTO `picture` VALUES ('178', '4', '10', '20160816230251474.jpg', '\0', '2016-08-16 23:02:51.520', '\0');
INSERT INTO `picture` VALUES ('179', '4', '10', '20160816230251605.jpg', '\0', '2016-08-16 23:02:51.670', '\0');
INSERT INTO `picture` VALUES ('180', '4', '10', '20160816230251724.jpg', '\0', '2016-08-16 23:02:51.783', '\0');
INSERT INTO `picture` VALUES ('181', '4', '10', '20160816230251864.jpg', '\0', '2016-08-16 23:02:51.923', '\0');
INSERT INTO `picture` VALUES ('182', '4', '10', '20160816230251985.jpg', '\0', '2016-08-16 23:02:52.047', '\0');
INSERT INTO `picture` VALUES ('183', '4', '10', '20160816230252112.jpg', '\0', '2016-08-16 23:02:52.167', '\0');
INSERT INTO `picture` VALUES ('184', '4', '10', '20160816230252259.jpg', '\0', '2016-08-16 23:02:52.317', '\0');
INSERT INTO `picture` VALUES ('185', '4', '10', '20160816230252390.jpg', '\0', '2016-08-16 23:02:52.457', '\0');
INSERT INTO `picture` VALUES ('186', '4', '10', '20160816230252521.jpg', '\0', '2016-08-16 23:02:52.597', '\0');
INSERT INTO `picture` VALUES ('187', '4', '10', '20160816230252651.jpg', '\0', '2016-08-16 23:02:52.683', '\0');
INSERT INTO `picture` VALUES ('188', '4', '10', '20160816230252714.jpg', '\0', '2016-08-16 23:02:52.767', '\0');
INSERT INTO `picture` VALUES ('189', '4', '10', '20160816230252848.jpg', '\0', '2016-08-16 23:02:52.953', '\0');
INSERT INTO `picture` VALUES ('190', '4', '10', '20160816230253015.jpg', '\0', '2016-08-16 23:02:53.067', '\0');
INSERT INTO `picture` VALUES ('191', '4', '10', '20160816230253164.jpg', '\0', '2016-08-16 23:02:53.217', '\0');
INSERT INTO `picture` VALUES ('192', '4', '10', '20160816230253249.jpg', '', '2016-08-16 23:02:53.300', '\0');
INSERT INTO `picture` VALUES ('193', '4', '10', '20160816230253403.jpg', '\0', '2016-08-16 23:02:53.477', '\0');
INSERT INTO `picture` VALUES ('194', '4', '10', '20160816230253511.jpg', '\0', '2016-08-16 23:02:53.543', '\0');
INSERT INTO `picture` VALUES ('195', '4', '10', '20160816230253581.jpg', '\0', '2016-08-16 23:02:53.613', '\0');
INSERT INTO `picture` VALUES ('196', '4', '10', '20160816230253646.jpg', '\0', '2016-08-16 23:02:53.677', '\0');
INSERT INTO `picture` VALUES ('197', '4', '10', '20160816230253768.jpg', '\0', '2016-08-16 23:02:53.820', '\0');
INSERT INTO `picture` VALUES ('198', '4', '10', '20160816230253846.jpg', '\0', '2016-08-16 23:02:53.900', '\0');
INSERT INTO `picture` VALUES ('199', '4', '10', '20160816230254036.jpg', '\0', '2016-08-16 23:02:54.087', '\0');
INSERT INTO `picture` VALUES ('200', '4', '10', '20160816230254111.jpg', '\0', '2016-08-16 23:02:54.167', '\0');
INSERT INTO `picture` VALUES ('201', '6', '11', '20160816230540306.jpg', '', '2016-08-16 23:05:40.367', '\0');
INSERT INTO `picture` VALUES ('202', '6', '11', '20160816230540467.jpg', '\0', '2016-08-16 23:05:40.513', '\0');
INSERT INTO `picture` VALUES ('203', '6', '11', '20160816230540618.jpg', '\0', '2016-08-16 23:05:40.693', '\0');
INSERT INTO `picture` VALUES ('204', '6', '11', '20160816230540744.jpg', '\0', '2016-08-16 23:05:40.787', '\0');
INSERT INTO `picture` VALUES ('205', '6', '11', '20160816230540880.jpg', '\0', '2016-08-16 23:05:40.930', '\0');
INSERT INTO `picture` VALUES ('206', '6', '11', '20160816230541047.jpg', '\0', '2016-08-16 23:05:41.110', '\0');
INSERT INTO `picture` VALUES ('207', '6', '11', '20160816230541188.jpg', '\0', '2016-08-16 23:05:41.247', '\0');
INSERT INTO `picture` VALUES ('208', '6', '11', '20160816230541312.jpg', '\0', '2016-08-16 23:05:41.363', '\0');
INSERT INTO `picture` VALUES ('209', '6', '11', '20160816230541381.jpg', '\0', '2016-08-16 23:05:41.430', '\0');
INSERT INTO `picture` VALUES ('210', '6', '11', '20160816230541449.jpg', '\0', '2016-08-16 23:05:41.497', '\0');
INSERT INTO `picture` VALUES ('211', '6', '11', '20160816230542010.jpg', '\0', '2016-08-16 23:05:42.067', '\0');
INSERT INTO `picture` VALUES ('212', '6', '11', '20160816230542121.jpg', '\0', '2016-08-16 23:05:42.170', '\0');
INSERT INTO `picture` VALUES ('213', '6', '11', '20160816230542248.jpg', '\0', '2016-08-16 23:05:42.297', '\0');
INSERT INTO `picture` VALUES ('214', '6', '11', '20160816230542313.jpg', '\0', '2016-08-16 23:05:42.360', '\0');
INSERT INTO `picture` VALUES ('215', '6', '11', '20160816230542839.jpg', '\0', '2016-08-16 23:05:42.893', '\0');
INSERT INTO `picture` VALUES ('216', '6', '11', '20160816230542940.jpg', '\0', '2016-08-16 23:05:42.987', '\0');
INSERT INTO `picture` VALUES ('217', '6', '11', '20160816230543051.jpg', '\0', '2016-08-16 23:05:43.097', '\0');
INSERT INTO `picture` VALUES ('218', '6', '11', '20160816230543177.jpg', '\0', '2016-08-16 23:05:43.270', '\0');
INSERT INTO `picture` VALUES ('219', '6', '11', '20160816230543653.jpg', '\0', '2016-08-16 23:05:43.730', '\0');
INSERT INTO `picture` VALUES ('220', '6', '11', '20160816230543791.jpg', '\0', '2016-08-16 23:05:43.843', '\0');
INSERT INTO `picture` VALUES ('221', '6', '11', '20160816230543912.jpg', '\0', '2016-08-16 23:05:43.957', '\0');
INSERT INTO `picture` VALUES ('222', '6', '11', '20160816230543980.jpg', '\0', '2016-08-16 23:05:44.027', '\0');
INSERT INTO `picture` VALUES ('223', '6', '11', '20160816230544485.jpg', '\0', '2016-08-16 23:05:44.530', '\0');
INSERT INTO `picture` VALUES ('224', '6', '11', '20160816230544578.jpg', '\0', '2016-08-16 23:05:44.623', '\0');
INSERT INTO `picture` VALUES ('225', '6', '11', '20160816230545160.jpg', '\0', '2016-08-16 23:05:45.217', '\0');
INSERT INTO `picture` VALUES ('226', '6', '11', '20160816230545246.jpg', '\0', '2016-08-16 23:05:45.333', '\0');
INSERT INTO `picture` VALUES ('227', '6', '12', '20160816230637550.jpg', '', '2016-08-16 23:06:37.597', '\0');
INSERT INTO `picture` VALUES ('228', '6', '12', '20160816230637616.jpg', '\0', '2016-08-16 23:06:37.683', '\0');
INSERT INTO `picture` VALUES ('229', '6', '12', '20160816230637793.jpg', '\0', '2016-08-16 23:06:37.853', '\0');
INSERT INTO `picture` VALUES ('230', '6', '12', '20160816230637896.jpg', '\0', '2016-08-16 23:06:37.940', '\0');
INSERT INTO `picture` VALUES ('231', '6', '12', '20160816230638071.jpg', '\0', '2016-08-16 23:06:38.130', '\0');
INSERT INTO `picture` VALUES ('232', '6', '12', '20160816230638147.jpg', '\0', '2016-08-16 23:06:38.190', '\0');
INSERT INTO `picture` VALUES ('233', '6', '12', '20160816230638225.jpg', '\0', '2016-08-16 23:06:38.250', '\0');
INSERT INTO `picture` VALUES ('234', '6', '12', '20160816230638292.jpg', '\0', '2016-08-16 23:06:38.337', '\0');
INSERT INTO `picture` VALUES ('235', '6', '12', '20160816230638833.jpg', '\0', '2016-08-16 23:06:38.883', '\0');
INSERT INTO `picture` VALUES ('236', '6', '12', '20160816230638949.jpg', '\0', '2016-08-16 23:06:38.993', '\0');
INSERT INTO `picture` VALUES ('237', '6', '12', '20160816230639014.jpg', '\0', '2016-08-16 23:06:39.043', '\0');
INSERT INTO `picture` VALUES ('238', '6', '12', '20160816230639120.jpg', '\0', '2016-08-16 23:06:39.163', '\0');
INSERT INTO `picture` VALUES ('239', '6', '12', '20160816230639619.jpg', '\0', '2016-08-16 23:06:39.680', '\0');
INSERT INTO `picture` VALUES ('240', '6', '12', '20160816230639748.jpg', '\0', '2016-08-16 23:06:39.773', '\0');
INSERT INTO `picture` VALUES ('241', '6', '12', '20160816230639843.jpg', '\0', '2016-08-16 23:06:39.867', '\0');
INSERT INTO `picture` VALUES ('242', '6', '12', '20160816230640459.jpg', '\0', '2016-08-16 23:06:40.510', '\0');
INSERT INTO `picture` VALUES ('243', '6', '12', '20160816230640647.jpg', '\0', '2016-08-16 23:06:40.703', '\0');
INSERT INTO `picture` VALUES ('244', '6', '12', '20160816230640748.jpg', '\0', '2016-08-16 23:06:40.793', '\0');
INSERT INTO `picture` VALUES ('245', '6', '12', '20160816230640813.jpg', '\0', '2016-08-16 23:06:40.857', '\0');
INSERT INTO `picture` VALUES ('246', '6', '12', '20160816230641340.jpg', '\0', '2016-08-16 23:06:41.377', '\0');
INSERT INTO `picture` VALUES ('247', '6', '12', '20160816230641423.jpg', '\0', '2016-08-16 23:06:41.450', '\0');
INSERT INTO `picture` VALUES ('248', '6', '12', '20160816230641483.jpg', '\0', '2016-08-16 23:06:41.510', '\0');
INSERT INTO `picture` VALUES ('249', '6', '13', '20160816231157258.jpg', '\0', '2016-08-16 23:11:57.327', '\0');
INSERT INTO `picture` VALUES ('250', '6', '13', '20160816231157381.jpg', '\0', '2016-08-16 23:11:57.430', '\0');
INSERT INTO `picture` VALUES ('251', '6', '13', '20160816231157555.jpg', '\0', '2016-08-16 23:11:57.613', '\0');
INSERT INTO `picture` VALUES ('252', '6', '13', '20160816231157645.jpg', '\0', '2016-08-16 23:11:57.690', '\0');
INSERT INTO `picture` VALUES ('253', '6', '13', '20160816231157806.jpg', '', '2016-08-16 23:11:57.867', '\0');
INSERT INTO `picture` VALUES ('254', '6', '13', '20160816231157919.jpg', '\0', '2016-08-16 23:11:57.963', '\0');
INSERT INTO `picture` VALUES ('255', '6', '13', '20160816231158095.jpg', '\0', '2016-08-16 23:11:58.160', '\0');
INSERT INTO `picture` VALUES ('256', '6', '13', '20160816231158662.jpg', '\0', '2016-08-16 23:11:58.730', '\0');
INSERT INTO `picture` VALUES ('257', '6', '13', '20160816231158801.jpg', '\0', '2016-08-16 23:11:58.870', '\0');
INSERT INTO `picture` VALUES ('258', '6', '13', '20160816231158924.jpg', '\0', '2016-08-16 23:11:58.967', '\0');
INSERT INTO `picture` VALUES ('259', '6', '13', '20160816231159546.jpg', '\0', '2016-08-16 23:11:59.613', '\0');
INSERT INTO `picture` VALUES ('260', '6', '13', '20160816231159661.jpg', '\0', '2016-08-16 23:11:59.703', '\0');
INSERT INTO `picture` VALUES ('261', '6', '13', '20160816231200302.jpg', '\0', '2016-08-16 23:12:00.370', '\0');
INSERT INTO `picture` VALUES ('262', '6', '13', '20160816231200480.jpg', '\0', '2016-08-16 23:12:00.567', '\0');
INSERT INTO `picture` VALUES ('263', '6', '13', '20160816231200670.jpg', '\0', '2016-08-16 23:12:00.733', '\0');
INSERT INTO `picture` VALUES ('264', '6', '13', '20160816231201258.jpg', '\0', '2016-08-16 23:12:01.360', '\0');
INSERT INTO `picture` VALUES ('265', '6', '13', '20160816231201434.jpg', '\0', '2016-08-16 23:12:01.477', '\0');
INSERT INTO `picture` VALUES ('266', '6', '13', '20160816231201527.jpg', '\0', '2016-08-16 23:12:01.567', '\0');
INSERT INTO `picture` VALUES ('267', '6', '13', '20160816231202097.jpg', '\0', '2016-08-16 23:12:02.133', '\0');
INSERT INTO `picture` VALUES ('268', '6', '13', '20160816231202164.jpg', '\0', '2016-08-16 23:12:02.230', '\0');
INSERT INTO `picture` VALUES ('269', '6', '13', '20160816231202765.jpg', '\0', '2016-08-16 23:12:02.820', '\0');
INSERT INTO `picture` VALUES ('270', '6', '13', '20160816231202898.jpg', '\0', '2016-08-16 23:12:02.943', '\0');
INSERT INTO `picture` VALUES ('271', '6', '13', '20160816231202970.jpg', '\0', '2016-08-16 23:12:03.017', '\0');
INSERT INTO `picture` VALUES ('272', '6', '13', '20160816231203099.jpg', '\0', '2016-08-16 23:12:03.143', '\0');
INSERT INTO `picture` VALUES ('273', '6', '13', '20160816231203166.jpg', '\0', '2016-08-16 23:12:03.210', '\0');
INSERT INTO `picture` VALUES ('274', '6', '14', '20160816231310950.jpg', '\0', '2016-08-16 23:13:10.993', '\0');
INSERT INTO `picture` VALUES ('275', '6', '14', '20160816231311053.jpg', '\0', '2016-08-16 23:13:11.143', '\0');
INSERT INTO `picture` VALUES ('276', '6', '14', '20160816231311191.jpg', '\0', '2016-08-16 23:13:11.243', '\0');
INSERT INTO `picture` VALUES ('277', '6', '14', '20160816231311408.jpg', '\0', '2016-08-16 23:13:11.470', '\0');
INSERT INTO `picture` VALUES ('278', '6', '14', '20160816231311512.jpg', '\0', '2016-08-16 23:13:11.540', '\0');
INSERT INTO `picture` VALUES ('279', '6', '14', '20160816231311566.jpg', '\0', '2016-08-16 23:13:11.593', '\0');
INSERT INTO `picture` VALUES ('280', '6', '14', '20160816231311690.jpg', '\0', '2016-08-16 23:13:11.773', '\0');
INSERT INTO `picture` VALUES ('281', '6', '14', '20160816231312233.jpg', '\0', '2016-08-16 23:13:12.290', '\0');
INSERT INTO `picture` VALUES ('282', '6', '14', '20160816231312401.jpg', '\0', '2016-08-16 23:13:12.427', '\0');
INSERT INTO `picture` VALUES ('283', '6', '14', '20160816231312614.jpg', '\0', '2016-08-16 23:13:12.690', '\0');
INSERT INTO `picture` VALUES ('284', '6', '14', '20160816231313166.jpg', '\0', '2016-08-16 23:13:13.227', '\0');
INSERT INTO `picture` VALUES ('285', '6', '14', '20160816231313303.jpg', '\0', '2016-08-16 23:13:13.330', '\0');
INSERT INTO `picture` VALUES ('286', '6', '14', '20160816231313462.jpg', '\0', '2016-08-16 23:13:13.507', '\0');
INSERT INTO `picture` VALUES ('287', '6', '14', '20160816231313998.jpg', '\0', '2016-08-16 23:13:14.060', '\0');
INSERT INTO `picture` VALUES ('288', '6', '14', '20160816231314117.jpg', '\0', '2016-08-16 23:13:14.160', '\0');
INSERT INTO `picture` VALUES ('289', '6', '14', '20160816231314701.jpg', '', '2016-08-16 23:13:14.777', '\0');
INSERT INTO `picture` VALUES ('290', '6', '14', '20160816231314836.jpg', '\0', '2016-08-16 23:13:14.870', '\0');
INSERT INTO `picture` VALUES ('291', '6', '14', '20160816231314899.jpg', '\0', '2016-08-16 23:13:14.947', '\0');
INSERT INTO `picture` VALUES ('292', '6', '14', '20160816231315489.jpg', '\0', '2016-08-16 23:13:15.540', '\0');
INSERT INTO `picture` VALUES ('293', '6', '14', '20160816231315562.jpg', '\0', '2016-08-16 23:13:15.607', '\0');
INSERT INTO `picture` VALUES ('294', '6', '14', '20160816231315631.jpg', '\0', '2016-08-16 23:13:15.680', '\0');
INSERT INTO `picture` VALUES ('295', '6', '14', '20160816231316157.jpg', '\0', '2016-08-16 23:13:16.207', '\0');
INSERT INTO `picture` VALUES ('296', '6', '14', '20160816231316231.jpg', '\0', '2016-08-16 23:13:16.277', '\0');
INSERT INTO `picture` VALUES ('297', '6', '14', '20160816231316298.jpg', '\0', '2016-08-16 23:13:16.343', '\0');
INSERT INTO `picture` VALUES ('298', '6', '15', '20160816231450412.jpg', '\0', '2016-08-16 23:14:50.467', '\0');
INSERT INTO `picture` VALUES ('299', '6', '15', '20160816231450581.jpg', '', '2016-08-16 23:14:50.617', '\0');
INSERT INTO `picture` VALUES ('300', '6', '15', '20160816231450717.jpg', '\0', '2016-08-16 23:14:50.753', '\0');
INSERT INTO `picture` VALUES ('301', '6', '15', '20160816231450832.jpg', '\0', '2016-08-16 23:14:50.860', '\0');
INSERT INTO `picture` VALUES ('302', '6', '15', '20160816231450885.jpg', '\0', '2016-08-16 23:14:50.910', '\0');
INSERT INTO `picture` VALUES ('303', '6', '15', '20160816231450962.jpg', '\0', '2016-08-16 23:14:50.993', '\0');
INSERT INTO `picture` VALUES ('304', '4', '16', '20160816231609337.jpg', '\0', '2016-08-16 23:16:09.393', '\0');
INSERT INTO `picture` VALUES ('305', '4', '16', '20160816231609459.jpg', '\0', '2016-08-16 23:16:09.517', '\0');
INSERT INTO `picture` VALUES ('306', '4', '16', '20160816231609584.jpg', '\0', '2016-08-16 23:16:09.640', '\0');
INSERT INTO `picture` VALUES ('307', '4', '16', '20160816231609739.jpg', '\0', '2016-08-16 23:16:09.813', '\0');
INSERT INTO `picture` VALUES ('308', '4', '16', '20160816231609858.jpg', '\0', '2016-08-16 23:16:09.903', '\0');
INSERT INTO `picture` VALUES ('309', '4', '16', '20160816231610001.jpg', '\0', '2016-08-16 23:16:10.053', '\0');
INSERT INTO `picture` VALUES ('310', '4', '16', '20160816231610116.jpg', '\0', '2016-08-16 23:16:10.163', '\0');
INSERT INTO `picture` VALUES ('311', '4', '16', '20160816231610183.jpg', '\0', '2016-08-16 23:16:10.230', '\0');
INSERT INTO `picture` VALUES ('312', '4', '16', '20160816231610252.jpg', '\0', '2016-08-16 23:16:10.297', '\0');
INSERT INTO `picture` VALUES ('313', '4', '16', '20160816231610784.jpg', '\0', '2016-08-16 23:16:10.843', '\0');
INSERT INTO `picture` VALUES ('314', '4', '16', '20160816231610937.jpg', '\0', '2016-08-16 23:16:10.997', '\0');
INSERT INTO `picture` VALUES ('315', '4', '16', '20160816231611507.jpg', '\0', '2016-08-16 23:16:11.567', '\0');
INSERT INTO `picture` VALUES ('316', '4', '16', '20160816231611648.jpg', '\0', '2016-08-16 23:16:11.693', '\0');
INSERT INTO `picture` VALUES ('317', '4', '16', '20160816231611718.jpg', '\0', '2016-08-16 23:16:11.763', '\0');
INSERT INTO `picture` VALUES ('318', '4', '16', '20160816231611784.jpg', '\0', '2016-08-16 23:16:11.830', '\0');
INSERT INTO `picture` VALUES ('319', '4', '16', '20160816231612318.jpg', '\0', '2016-08-16 23:16:12.373', '\0');
INSERT INTO `picture` VALUES ('320', '4', '16', '20160816231612454.jpg', '\0', '2016-08-16 23:16:12.507', '\0');
INSERT INTO `picture` VALUES ('321', '4', '16', '20160816231612601.jpg', '\0', '2016-08-16 23:16:12.653', '\0');
INSERT INTO `picture` VALUES ('322', '4', '16', '20160816231613151.jpg', '', '2016-08-16 23:16:13.200', '\0');
INSERT INTO `picture` VALUES ('323', '4', '16', '20160816231613250.jpg', '\0', '2016-08-16 23:16:13.353', '\0');
INSERT INTO `picture` VALUES ('324', '4', '16', '20160816231613383.jpg', '\0', '2016-08-16 23:16:13.430', '\0');
INSERT INTO `picture` VALUES ('325', '4', '16', '20160816231613450.jpg', '\0', '2016-08-16 23:16:13.540', '\0');
INSERT INTO `picture` VALUES ('326', '4', '16', '20160816231614027.jpg', '\0', '2016-08-16 23:16:14.087', '\0');
INSERT INTO `picture` VALUES ('327', '4', '16', '20160816231614199.jpg', '\0', '2016-08-16 23:16:14.257', '\0');
INSERT INTO `picture` VALUES ('328', '4', '16', '20160816231614330.jpg', '\0', '2016-08-16 23:16:14.373', '\0');
INSERT INTO `picture` VALUES ('329', '4', '16', '20160816231614917.jpg', '\0', '2016-08-16 23:16:14.973', '\0');
INSERT INTO `picture` VALUES ('330', '7', '17', '20160816231808757.jpg', '\0', '2016-08-16 23:18:08.790', '\0');
INSERT INTO `picture` VALUES ('331', '7', '17', '20160816231808824.jpg', '\0', '2016-08-16 23:18:08.850', '\0');
INSERT INTO `picture` VALUES ('332', '7', '17', '20160816231808888.jpg', '\0', '2016-08-16 23:18:08.983', '\0');
INSERT INTO `picture` VALUES ('333', '7', '17', '20160816231809118.jpg', '\0', '2016-08-16 23:18:09.147', '\0');
INSERT INTO `picture` VALUES ('334', '7', '17', '20160816231809249.jpg', '', '2016-08-16 23:18:09.287', '\0');
INSERT INTO `picture` VALUES ('335', '7', '17', '20160816231809382.jpg', '\0', '2016-08-16 23:18:09.417', '\0');
INSERT INTO `picture` VALUES ('336', '7', '17', '20160816231809499.jpg', '\0', '2016-08-16 23:18:09.533', '\0');
INSERT INTO `picture` VALUES ('337', '7', '17', '20160816231810082.jpg', '\0', '2016-08-16 23:18:10.107', '\0');
INSERT INTO `picture` VALUES ('338', '7', '17', '20160816231810156.jpg', '\0', '2016-08-16 23:18:10.177', '\0');
INSERT INTO `picture` VALUES ('339', '7', '17', '20160816231810216.jpg', '\0', '2016-08-16 23:18:10.237', '\0');
INSERT INTO `picture` VALUES ('340', '7', '17', '20160816231810749.jpg', '\0', '2016-08-16 23:18:10.777', '\0');
INSERT INTO `picture` VALUES ('341', '7', '17', '20160816231810824.jpg', '\0', '2016-08-16 23:18:10.853', '\0');
INSERT INTO `picture` VALUES ('342', '7', '17', '20160816231810883.jpg', '\0', '2016-08-16 23:18:10.957', '\0');
INSERT INTO `picture` VALUES ('343', '7', '17', '20160816231811513.jpg', '\0', '2016-08-16 23:18:11.567', '\0');
INSERT INTO `picture` VALUES ('344', '7', '17', '20160816231811633.jpg', '\0', '2016-08-16 23:18:11.650', '\0');
INSERT INTO `picture` VALUES ('345', '7', '17', '20160816231811683.jpg', '\0', '2016-08-16 23:18:11.700', '\0');
INSERT INTO `picture` VALUES ('346', '7', '17', '20160816231812201.jpg', '\0', '2016-08-16 23:18:12.240', '\0');
INSERT INTO `picture` VALUES ('347', '7', '17', '20160816231812321.jpg', '\0', '2016-08-16 23:18:12.377', '\0');
INSERT INTO `picture` VALUES ('348', '7', '17', '20160816231812910.jpg', '\0', '2016-08-16 23:18:12.937', '\0');
INSERT INTO `picture` VALUES ('349', '7', '17', '20160816231813011.jpg', '\0', '2016-08-16 23:18:13.040', '\0');
INSERT INTO `picture` VALUES ('350', '7', '17', '20160816231813082.jpg', '\0', '2016-08-16 23:18:13.110', '\0');
INSERT INTO `picture` VALUES ('351', '7', '17', '20160816231813150.jpg', '\0', '2016-08-16 23:18:13.177', '\0');
INSERT INTO `picture` VALUES ('352', '4', '18', '20161023163542226.jpg', '', '2016-10-23 16:35:42.310', '\0');
INSERT INTO `picture` VALUES ('353', '4', '18', '20161023163542411.jpg', '\0', '2016-10-23 16:35:42.493', '\0');
INSERT INTO `picture` VALUES ('354', '4', '18', '20161023163542520.jpg', '\0', '2016-10-23 16:35:42.543', '\0');
INSERT INTO `picture` VALUES ('355', '4', '18', '20161023163542619.jpg', '\0', '2016-10-23 16:35:42.670', '\0');
INSERT INTO `picture` VALUES ('356', '4', '18', '20161023163542773.jpg', '\0', '2016-10-23 16:35:42.810', '\0');
INSERT INTO `picture` VALUES ('357', '4', '18', '20161023163542859.jpg', '\0', '2016-10-23 16:35:42.890', '\0');
INSERT INTO `picture` VALUES ('358', '4', '18', '20161023163542924.jpg', '\0', '2016-10-23 16:35:42.947', '\0');
INSERT INTO `picture` VALUES ('359', '4', '18', '20161023163542990.jpg', '\0', '2016-10-23 16:35:43.053', '\0');
INSERT INTO `picture` VALUES ('360', '4', '18', '20161023163543141.jpg', '\0', '2016-10-23 16:35:43.187', '\0');
INSERT INTO `picture` VALUES ('361', '4', '18', '20161023163543268.jpg', '\0', '2016-10-23 16:35:43.300', '\0');
INSERT INTO `picture` VALUES ('362', '4', '18', '20161023163543323.jpg', '\0', '2016-10-23 16:35:43.360', '\0');
INSERT INTO `picture` VALUES ('363', '4', '18', '20161023163543391.jpg', '\0', '2016-10-23 16:35:43.423', '\0');
INSERT INTO `picture` VALUES ('364', '4', '18', '20161023163543456.jpg', '\0', '2016-10-23 16:35:43.477', '\0');
INSERT INTO `picture` VALUES ('365', '4', '18', '20161023163543543.jpg', '\0', '2016-10-23 16:35:43.583', '\0');
INSERT INTO `picture` VALUES ('366', '4', '18', '20161023163543681.jpg', '\0', '2016-10-23 16:35:43.717', '\0');
INSERT INTO `picture` VALUES ('367', '4', '18', '20161023163543794.jpg', '\0', '2016-10-23 16:35:43.830', '\0');
INSERT INTO `picture` VALUES ('368', '4', '18', '20161023163543859.jpg', '\0', '2016-10-23 16:35:43.893', '\0');
INSERT INTO `picture` VALUES ('369', '4', '18', '20161023163543926.jpg', '\0', '2016-10-23 16:35:43.957', '\0');
INSERT INTO `picture` VALUES ('370', '4', '18', '20161023163543990.jpg', '\0', '2016-10-23 16:35:44.023', '\0');
INSERT INTO `picture` VALUES ('371', '4', '18', '20161023163544058.jpg', '\0', '2016-10-23 16:35:44.093', '\0');
INSERT INTO `picture` VALUES ('372', '4', '18', '20161023163544125.jpg', '\0', '2016-10-23 16:35:44.160', '\0');
INSERT INTO `picture` VALUES ('373', '4', '18', '20161023163544190.jpg', '\0', '2016-10-23 16:35:44.220', '\0');
INSERT INTO `picture` VALUES ('374', '4', '19', '20161023163648651.jpg', '\0', '2016-10-23 16:36:48.680', '\0');
INSERT INTO `picture` VALUES ('375', '4', '19', '20161023163648744.jpg', '\0', '2016-10-23 16:36:48.767', '\0');
INSERT INTO `picture` VALUES ('376', '4', '19', '20161023163648815.jpg', '\0', '2016-10-23 16:36:48.917', '\0');
INSERT INTO `picture` VALUES ('377', '4', '19', '20161023163649012.jpg', '\0', '2016-10-23 16:36:49.053', '\0');
INSERT INTO `picture` VALUES ('378', '4', '19', '20161023163649170.jpg', '\0', '2016-10-23 16:36:49.197', '\0');
INSERT INTO `picture` VALUES ('379', '4', '19', '20161023163649313.jpg', '', '2016-10-23 16:36:49.340', '\0');
INSERT INTO `picture` VALUES ('380', '5', '20', '20161023163911068.jpg', '\0', '2016-10-23 16:39:11.137', '\0');
INSERT INTO `picture` VALUES ('381', '5', '20', '20161023163911195.jpg', '\0', '2016-10-23 16:39:11.250', '\0');
INSERT INTO `picture` VALUES ('382', '5', '20', '20161023163911338.jpg', '\0', '2016-10-23 16:39:11.447', '\0');
INSERT INTO `picture` VALUES ('383', '5', '20', '20161023163911551.jpg', '\0', '2016-10-23 16:39:11.627', '\0');
INSERT INTO `picture` VALUES ('384', '5', '20', '20161023163911668.jpg', '\0', '2016-10-23 16:39:11.743', '\0');
INSERT INTO `picture` VALUES ('385', '5', '20', '20161023163911795.jpg', '\0', '2016-10-23 16:39:11.853', '\0');
INSERT INTO `picture` VALUES ('386', '5', '20', '20161023163911928.jpg', '\0', '2016-10-23 16:39:11.987', '\0');
INSERT INTO `picture` VALUES ('387', '5', '20', '20161023163912075.jpg', '\0', '2016-10-23 16:39:12.140', '\0');
INSERT INTO `picture` VALUES ('388', '5', '20', '20161023163912257.jpg', '\0', '2016-10-23 16:39:12.317', '\0');
INSERT INTO `picture` VALUES ('389', '5', '20', '20161023163912389.jpg', '\0', '2016-10-23 16:39:12.447', '\0');
INSERT INTO `picture` VALUES ('390', '5', '20', '20161023163912629.jpg', '\0', '2016-10-23 16:39:12.690', '\0');
INSERT INTO `picture` VALUES ('391', '5', '20', '20161023163912728.jpg', '\0', '2016-10-23 16:39:12.787', '\0');
INSERT INTO `picture` VALUES ('392', '5', '20', '20161023163912859.jpg', '\0', '2016-10-23 16:39:13.093', '\0');
INSERT INTO `picture` VALUES ('393', '5', '20', '20161023163913194.jpg', '\0', '2016-10-23 16:39:13.253', '\0');
INSERT INTO `picture` VALUES ('394', '5', '20', '20161023163913346.jpg', '\0', '2016-10-23 16:39:13.407', '\0');
INSERT INTO `picture` VALUES ('395', '5', '20', '20161023163913455.jpg', '\0', '2016-10-23 16:39:13.517', '\0');
INSERT INTO `picture` VALUES ('396', '5', '20', '20161023163913607.jpg', '\0', '2016-10-23 16:39:13.673', '\0');
INSERT INTO `picture` VALUES ('397', '5', '20', '20161023163913728.jpg', '\0', '2016-10-23 16:39:13.780', '\0');
INSERT INTO `picture` VALUES ('398', '5', '20', '20161023163913873.jpg', '\0', '2016-10-23 16:39:13.940', '\0');
INSERT INTO `picture` VALUES ('399', '5', '20', '20161023163913993.jpg', '\0', '2016-10-23 16:39:14.063', '\0');
INSERT INTO `picture` VALUES ('400', '5', '20', '20161023163914141.jpg', '\0', '2016-10-23 16:39:14.200', '\0');
INSERT INTO `picture` VALUES ('401', '5', '20', '20161023163914264.jpg', '\0', '2016-10-23 16:39:14.323', '\0');
INSERT INTO `picture` VALUES ('402', '5', '20', '20161023163914395.jpg', '\0', '2016-10-23 16:39:14.460', '\0');
INSERT INTO `picture` VALUES ('403', '5', '20', '20161023163914522.jpg', '\0', '2016-10-23 16:39:14.587', '\0');
INSERT INTO `picture` VALUES ('404', '5', '20', '20161023163914671.jpg', '', '2016-10-23 16:39:14.743', '\0');
INSERT INTO `picture` VALUES ('405', '5', '21', '20161023164106206.jpg', '', '2016-10-23 16:41:06.257', '\0');
INSERT INTO `picture` VALUES ('406', '5', '21', '20161023164106349.jpg', '\0', '2016-10-23 16:41:06.403', '\0');
INSERT INTO `picture` VALUES ('407', '5', '21', '20161023164106459.jpg', '\0', '2016-10-23 16:41:06.540', '\0');
INSERT INTO `picture` VALUES ('408', '5', '21', '20161023164106591.jpg', '\0', '2016-10-23 16:41:06.637', '\0');
INSERT INTO `picture` VALUES ('409', '5', '21', '20161023164106655.jpg', '\0', '2016-10-23 16:41:06.683', '\0');
INSERT INTO `picture` VALUES ('410', '5', '21', '20161023164106723.jpg', '\0', '2016-10-23 16:41:06.770', '\0');
INSERT INTO `picture` VALUES ('411', '5', '21', '20161023164106788.jpg', '\0', '2016-10-23 16:41:06.837', '\0');
INSERT INTO `picture` VALUES ('412', '5', '21', '20161023164106855.jpg', '\0', '2016-10-23 16:41:06.883', '\0');
INSERT INTO `picture` VALUES ('413', '5', '21', '20161023164106922.jpg', '\0', '2016-10-23 16:41:06.947', '\0');
INSERT INTO `picture` VALUES ('414', '5', '21', '20161023164106989.jpg', '\0', '2016-10-23 16:41:07.017', '\0');
INSERT INTO `picture` VALUES ('415', '5', '21', '20161023164107159.jpg', '\0', '2016-10-23 16:41:07.217', '\0');
INSERT INTO `picture` VALUES ('416', '5', '21', '20161023164107252.jpg', '\0', '2016-10-23 16:41:07.280', '\0');
INSERT INTO `picture` VALUES ('417', '5', '21', '20161023164107322.jpg', '\0', '2016-10-23 16:41:07.387', '\0');
INSERT INTO `picture` VALUES ('418', '5', '21', '20161023164107477.jpg', '\0', '2016-10-23 16:41:07.513', '\0');
INSERT INTO `picture` VALUES ('419', '5', '21', '20161023164107604.jpg', '\0', '2016-10-23 16:41:07.663', '\0');
INSERT INTO `picture` VALUES ('420', '5', '22', '20161023164200757.jpg', '\0', '2016-10-23 16:42:00.803', '\0');
INSERT INTO `picture` VALUES ('421', '5', '22', '20161023164200879.jpg', '\0', '2016-10-23 16:42:00.993', '\0');
INSERT INTO `picture` VALUES ('422', '5', '22', '20161023164201009.jpg', '\0', '2016-10-23 16:42:01.057', '\0');
INSERT INTO `picture` VALUES ('423', '5', '22', '20161023164201074.jpg', '\0', '2016-10-23 16:42:01.120', '\0');
INSERT INTO `picture` VALUES ('424', '5', '22', '20161023164201139.jpg', '\0', '2016-10-23 16:42:01.193', '\0');
INSERT INTO `picture` VALUES ('425', '5', '22', '20161023164201287.jpg', '\0', '2016-10-23 16:42:01.347', '\0');
INSERT INTO `picture` VALUES ('426', '5', '22', '20161023164201417.jpg', '\0', '2016-10-23 16:42:01.477', '\0');
INSERT INTO `picture` VALUES ('427', '5', '22', '20161023164201557.jpg', '\0', '2016-10-23 16:42:01.653', '\0');
INSERT INTO `picture` VALUES ('428', '5', '22', '20161023164201672.jpg', '\0', '2016-10-23 16:42:01.727', '\0');
INSERT INTO `picture` VALUES ('429', '5', '22', '20161023164201805.jpg', '\0', '2016-10-23 16:42:01.853', '\0');
INSERT INTO `picture` VALUES ('430', '5', '22', '20161023164201873.jpg', '\0', '2016-10-23 16:42:01.923', '\0');
INSERT INTO `picture` VALUES ('431', '5', '22', '20161023164201939.jpg', '', '2016-10-23 16:42:02.010', '\0');
INSERT INTO `picture` VALUES ('432', '5', '22', '20161023164202085.jpg', '\0', '2016-10-23 16:42:02.113', '\0');
INSERT INTO `picture` VALUES ('433', '5', '22', '20161023164202217.jpg', '\0', '2016-10-23 16:42:02.253', '\0');
INSERT INTO `picture` VALUES ('434', '5', '22', '20161023164202273.jpg', '\0', '2016-10-23 16:42:02.303', '\0');
INSERT INTO `picture` VALUES ('435', '5', '22', '20161023164202339.jpg', '\0', '2016-10-23 16:42:02.393', '\0');
INSERT INTO `picture` VALUES ('436', '5', '22', '20161023164202503.jpg', '\0', '2016-10-23 16:42:02.577', '\0');
INSERT INTO `picture` VALUES ('437', '5', '22', '20161023164202605.jpg', '\0', '2016-10-23 16:42:02.647', '\0');
INSERT INTO `picture` VALUES ('438', '7', '23', '20161023165344786.jpg', '\0', '2016-10-23 16:53:44.830', '\0');
INSERT INTO `picture` VALUES ('439', '7', '23', '20161023165344875.jpg', '\0', '2016-10-23 16:53:44.893', '\0');
INSERT INTO `picture` VALUES ('440', '7', '23', '20161023165344954.jpg', '', '2016-10-23 16:53:44.970', '\0');
INSERT INTO `picture` VALUES ('441', '7', '23', '20161023165345005.jpg', '\0', '2016-10-23 16:53:45.023', '\0');
INSERT INTO `picture` VALUES ('442', '7', '23', '20161023165345080.jpg', '\0', '2016-10-23 16:53:45.100', '\0');
INSERT INTO `picture` VALUES ('443', '7', '23', '20161023165345151.jpg', '\0', '2016-10-23 16:53:45.177', '\0');
INSERT INTO `picture` VALUES ('444', '7', '23', '20161023165345206.jpg', '\0', '2016-10-23 16:53:45.223', '\0');
INSERT INTO `picture` VALUES ('445', '6', '24', '20161023165616768.jpg', '\0', '2016-10-23 16:56:16.787', '\0');
INSERT INTO `picture` VALUES ('446', '6', '24', '20161023165616878.jpg', '\0', '2016-10-23 16:56:16.897', '\0');
INSERT INTO `picture` VALUES ('447', '6', '24', '20161023165616922.jpg', '\0', '2016-10-23 16:56:16.940', '\0');
INSERT INTO `picture` VALUES ('448', '6', '24', '20161023165616988.jpg', '\0', '2016-10-23 16:56:17.007', '\0');
INSERT INTO `picture` VALUES ('449', '6', '24', '20161023165617056.jpg', '\0', '2016-10-23 16:56:17.080', '\0');
INSERT INTO `picture` VALUES ('450', '6', '24', '20161023165617200.jpg', '\0', '2016-10-23 16:56:17.230', '\0');
INSERT INTO `picture` VALUES ('451', '6', '24', '20161023165617256.jpg', '\0', '2016-10-23 16:56:17.280', '\0');
INSERT INTO `picture` VALUES ('452', '6', '24', '20161023165617323.jpg', '\0', '2016-10-23 16:56:17.347', '\0');
INSERT INTO `picture` VALUES ('453', '6', '24', '20161023165617389.jpg', '\0', '2016-10-23 16:56:17.413', '\0');
INSERT INTO `picture` VALUES ('454', '6', '24', '20161023165617457.jpg', '\0', '2016-10-23 16:56:17.480', '\0');
INSERT INTO `picture` VALUES ('455', '6', '24', '20161023165617522.jpg', '', '2016-10-23 16:56:17.543', '\0');
INSERT INTO `picture` VALUES ('456', '6', '24', '20161023165617605.jpg', '\0', '2016-10-23 16:56:17.623', '\0');
INSERT INTO `picture` VALUES ('457', '6', '24', '20161023165617684.jpg', '\0', '2016-10-23 16:56:17.700', '\0');
INSERT INTO `picture` VALUES ('458', '6', '24', '20161023165617863.jpg', '\0', '2016-10-23 16:56:17.883', '\0');
INSERT INTO `picture` VALUES ('459', '6', '24', '20161023165617927.png', '\0', '2016-10-23 16:56:17.963', '\0');
INSERT INTO `picture` VALUES ('460', '5', '25', '20161023212538037.jpg', '', '2016-10-23 21:25:38.197', '\0');
INSERT INTO `picture` VALUES ('461', '5', '25', '20161023212538310.jpg', '\0', '2016-10-23 21:25:38.417', '\0');
INSERT INTO `picture` VALUES ('462', '5', '25', '20161023212538493.jpg', '\0', '2016-10-23 21:25:38.583', '\0');
INSERT INTO `picture` VALUES ('463', '5', '25', '20161023212538617.jpg', '\0', '2016-10-23 21:25:38.680', '\0');
INSERT INTO `picture` VALUES ('464', '5', '25', '20161023212538776.jpg', '\0', '2016-10-23 21:25:38.847', '\0');
INSERT INTO `picture` VALUES ('465', '5', '25', '20161023212538977.jpg', '\0', '2016-10-23 21:25:39.057', '\0');
INSERT INTO `picture` VALUES ('466', '5', '25', '20161023212539080.jpg', '\0', '2016-10-23 21:25:39.147', '\0');
INSERT INTO `picture` VALUES ('467', '5', '25', '20161023212539238.jpg', '\0', '2016-10-23 21:25:39.320', '\0');
INSERT INTO `picture` VALUES ('468', '5', '25', '20161023212539346.jpg', '\0', '2016-10-23 21:25:39.410', '\0');
INSERT INTO `picture` VALUES ('469', '5', '25', '20161023212539495.jpg', '\0', '2016-10-23 21:25:39.560', '\0');
INSERT INTO `picture` VALUES ('470', '5', '26', '20161023212639840.jpg', '\0', '2016-10-23 21:26:39.920', '\0');
INSERT INTO `picture` VALUES ('471', '5', '26', '20161023212639961.jpg', '\0', '2016-10-23 21:26:40.000', '\0');
INSERT INTO `picture` VALUES ('472', '5', '26', '20161023212640029.jpg', '\0', '2016-10-23 21:26:40.103', '\0');
INSERT INTO `picture` VALUES ('473', '5', '26', '20161023212640164.jpg', '\0', '2016-10-23 21:26:40.203', '\0');
INSERT INTO `picture` VALUES ('474', '5', '26', '20161023212640293.jpg', '\0', '2016-10-23 21:26:40.333', '\0');
INSERT INTO `picture` VALUES ('475', '5', '26', '20161023212640359.jpg', '\0', '2016-10-23 21:26:40.400', '\0');
INSERT INTO `picture` VALUES ('476', '5', '26', '20161023212640426.jpg', '\0', '2016-10-23 21:26:40.467', '\0');
INSERT INTO `picture` VALUES ('477', '5', '26', '20161023212640492.jpg', '\0', '2016-10-23 21:26:40.533', '\0');
INSERT INTO `picture` VALUES ('478', '5', '26', '20161023212640644.jpg', '', '2016-10-23 21:26:40.690', '\0');
INSERT INTO `picture` VALUES ('479', '5', '26', '20161023212640788.jpg', '\0', '2016-10-23 21:26:40.857', '\0');
INSERT INTO `picture` VALUES ('480', '5', '26', '20161023212640892.jpg', '\0', '2016-10-23 21:26:40.930', '\0');
INSERT INTO `picture` VALUES ('481', '5', '27', '20161023212756112.jpg', '\0', '2016-10-23 21:27:56.180', '\0');
INSERT INTO `picture` VALUES ('482', '5', '27', '20161023212756227.jpg', '\0', '2016-10-23 21:27:56.280', '\0');
INSERT INTO `picture` VALUES ('483', '5', '27', '20161023212756367.jpg', '\0', '2016-10-23 21:27:56.427', '\0');
INSERT INTO `picture` VALUES ('484', '5', '27', '20161023212756513.jpg', '\0', '2016-10-23 21:27:56.577', '\0');
INSERT INTO `picture` VALUES ('485', '5', '27', '20161023212756627.jpg', '\0', '2016-10-23 21:27:56.680', '\0');
INSERT INTO `picture` VALUES ('486', '5', '27', '20161023212756785.jpg', '\0', '2016-10-23 21:27:56.857', '\0');
INSERT INTO `picture` VALUES ('487', '5', '27', '20161023212756888.jpg', '\0', '2016-10-23 21:27:56.940', '\0');
INSERT INTO `picture` VALUES ('488', '5', '27', '20161023212756959.jpg', '\0', '2016-10-23 21:27:57.010', '\0');
INSERT INTO `picture` VALUES ('489', '5', '27', '20161023212757091.jpg', '\0', '2016-10-23 21:27:57.150', '\0');
INSERT INTO `picture` VALUES ('490', '5', '27', '20161023212757227.jpg', '\0', '2016-10-23 21:27:57.280', '\0');
INSERT INTO `picture` VALUES ('491', '5', '27', '20161023212757377.jpg', '\0', '2016-10-23 21:27:57.430', '\0');
INSERT INTO `picture` VALUES ('492', '5', '27', '20161023212757492.jpg', '\0', '2016-10-23 21:27:57.547', '\0');
INSERT INTO `picture` VALUES ('493', '5', '27', '20161023212757661.jpg', '\0', '2016-10-23 21:27:57.727', '\0');
INSERT INTO `picture` VALUES ('494', '5', '27', '20161023212757833.jpg', '', '2016-10-23 21:27:57.893', '\0');
INSERT INTO `picture` VALUES ('495', '5', '27', '20161023212757957.jpg', '\0', '2016-10-23 21:27:58.010', '\0');
INSERT INTO `picture` VALUES ('496', '5', '28', '20161023212845570.jpg', '\0', '2016-10-23 21:28:45.703', '\0');
INSERT INTO `picture` VALUES ('497', '5', '28', '20161023212845764.jpg', '\0', '2016-10-23 21:28:45.823', '\0');
INSERT INTO `picture` VALUES ('498', '5', '28', '20161023212845902.jpg', '\0', '2016-10-23 21:28:45.953', '\0');
INSERT INTO `picture` VALUES ('499', '5', '28', '20161023212846016.jpg', '\0', '2016-10-23 21:28:46.080', '\0');
INSERT INTO `picture` VALUES ('500', '5', '28', '20161023212846175.jpg', '\0', '2016-10-23 21:28:46.240', '\0');
INSERT INTO `picture` VALUES ('501', '5', '28', '20161023212846274.jpg', '\0', '2016-10-23 21:28:46.327', '\0');
INSERT INTO `picture` VALUES ('502', '5', '28', '20161023212846438.jpg', '\0', '2016-10-23 21:28:46.510', '\0');
INSERT INTO `picture` VALUES ('503', '5', '28', '20161023212846542.jpg', '\0', '2016-10-23 21:28:46.597', '\0');
INSERT INTO `picture` VALUES ('504', '5', '28', '20161023212846697.jpg', '\0', '2016-10-23 21:28:46.737', '\0');
INSERT INTO `picture` VALUES ('505', '5', '28', '20161023212846838.jpg', '\0', '2016-10-23 21:28:46.907', '\0');
INSERT INTO `picture` VALUES ('506', '5', '28', '20161023212846939.jpg', '\0', '2016-10-23 21:28:46.993', '\0');
INSERT INTO `picture` VALUES ('507', '5', '28', '20161023212847009.jpg', '\0', '2016-10-23 21:28:47.063', '\0');
INSERT INTO `picture` VALUES ('508', '5', '28', '20161023212847176.jpg', '\0', '2016-10-23 21:28:47.227', '\0');
INSERT INTO `picture` VALUES ('509', '5', '28', '20161023212847296.jpg', '\0', '2016-10-23 21:28:47.357', '\0');
INSERT INTO `picture` VALUES ('510', '5', '28', '20161023212847420.jpg', '\0', '2016-10-23 21:28:47.457', '\0');
INSERT INTO `picture` VALUES ('511', '5', '28', '20161023212847476.jpg', '', '2016-10-23 21:28:47.530', '\0');
INSERT INTO `picture` VALUES ('512', '5', '28', '20161023212847625.jpg', '\0', '2016-10-23 21:28:47.690', '\0');
INSERT INTO `picture` VALUES ('513', '5', '28', '20161023212847741.jpg', '\0', '2016-10-23 21:28:47.797', '\0');
INSERT INTO `picture` VALUES ('514', '5', '28', '20161023212847906.jpg', '\0', '2016-10-23 21:28:47.970', '\0');
INSERT INTO `picture` VALUES ('515', '5', '28', '20161023212848007.jpg', '\0', '2016-10-23 21:28:48.040', '\0');
INSERT INTO `picture` VALUES ('516', '5', '28', '20161023212848074.jpg', '\0', '2016-10-23 21:28:48.127', '\0');
INSERT INTO `picture` VALUES ('517', '5', '28', '20161023212848284.jpg', '\0', '2016-10-23 21:28:48.360', '\0');
INSERT INTO `picture` VALUES ('518', '5', '28', '20161023212848408.jpg', '\0', '2016-10-23 21:28:48.467', '\0');
INSERT INTO `picture` VALUES ('519', '5', '29', '20161023213030598.jpg', '\0', '2016-10-23 21:30:30.667', '\0');
INSERT INTO `picture` VALUES ('520', '5', '29', '20161023213030776.jpg', '\0', '2016-10-23 21:30:30.823', '\0');
INSERT INTO `picture` VALUES ('521', '5', '29', '20161023213030914.jpg', '\0', '2016-10-23 21:30:30.950', '\0');
INSERT INTO `picture` VALUES ('522', '5', '29', '20161023213031010.jpg', '\0', '2016-10-23 21:30:31.050', '\0');
INSERT INTO `picture` VALUES ('523', '5', '29', '20161023213031077.jpg', '\0', '2016-10-23 21:30:31.097', '\0');
INSERT INTO `picture` VALUES ('524', '5', '29', '20161023213031143.jpg', '\0', '2016-10-23 21:30:31.177', '\0');
INSERT INTO `picture` VALUES ('525', '5', '29', '20161023213031294.jpg', '\0', '2016-10-23 21:30:31.483', '\0');
INSERT INTO `picture` VALUES ('526', '5', '29', '20161023213031573.jpg', '\0', '2016-10-23 21:30:31.607', '\0');
INSERT INTO `picture` VALUES ('527', '5', '29', '20161023213031702.jpg', '\0', '2016-10-23 21:30:31.773', '\0');
INSERT INTO `picture` VALUES ('528', '5', '29', '20161023213031805.jpg', '\0', '2016-10-23 21:30:31.830', '\0');
INSERT INTO `picture` VALUES ('529', '5', '29', '20161023213031876.jpg', '\0', '2016-10-23 21:30:31.910', '\0');
INSERT INTO `picture` VALUES ('530', '5', '29', '20161023213031940.jpg', '\0', '2016-10-23 21:30:31.963', '\0');
INSERT INTO `picture` VALUES ('531', '5', '29', '20161023213032034.jpg', '\0', '2016-10-23 21:30:32.077', '\0');
INSERT INTO `picture` VALUES ('532', '5', '29', '20161023213032176.jpg', '\0', '2016-10-23 21:30:32.213', '\0');
INSERT INTO `picture` VALUES ('533', '5', '29', '20161023213032289.jpg', '\0', '2016-10-23 21:30:32.327', '\0');
INSERT INTO `picture` VALUES ('534', '5', '29', '20161023213032433.jpg', '\0', '2016-10-23 21:30:32.530', '\0');
INSERT INTO `picture` VALUES ('535', '5', '29', '20161023213032613.jpg', '\0', '2016-10-23 21:30:32.650', '\0');
INSERT INTO `picture` VALUES ('536', '5', '29', '20161023213032679.jpg', '', '2016-10-23 21:30:32.713', '\0');
INSERT INTO `picture` VALUES ('537', '5', '30', '20161023213125964.jpg', '\0', '2016-10-23 21:31:26.027', '\0');
INSERT INTO `picture` VALUES ('538', '5', '30', '20161023213126059.jpg', '\0', '2016-10-23 21:31:26.090', '\0');
INSERT INTO `picture` VALUES ('539', '5', '30', '20161023213126129.jpg', '\0', '2016-10-23 21:31:26.163', '\0');
INSERT INTO `picture` VALUES ('540', '5', '30', '20161023213126190.jpg', '\0', '2016-10-23 21:31:26.227', '\0');
INSERT INTO `picture` VALUES ('541', '5', '30', '20161023213126260.jpg', '\0', '2016-10-23 21:31:26.300', '\0');
INSERT INTO `picture` VALUES ('542', '5', '30', '20161023213126326.jpg', '\0', '2016-10-23 21:31:26.360', '\0');
INSERT INTO `picture` VALUES ('543', '5', '30', '20161023213126389.jpg', '\0', '2016-10-23 21:31:26.423', '\0');
INSERT INTO `picture` VALUES ('544', '5', '30', '20161023213126457.jpg', '\0', '2016-10-23 21:31:26.493', '\0');
INSERT INTO `picture` VALUES ('545', '5', '30', '20161023213126525.jpg', '\0', '2016-10-23 21:31:26.560', '\0');
INSERT INTO `picture` VALUES ('546', '5', '30', '20161023213126590.jpg', '\0', '2016-10-23 21:31:26.623', '\0');
INSERT INTO `picture` VALUES ('547', '5', '30', '20161023213126656.jpg', '\0', '2016-10-23 21:31:26.690', '\0');
INSERT INTO `picture` VALUES ('548', '5', '30', '20161023213126727.jpg', '\0', '2016-10-23 21:31:26.763', '\0');
INSERT INTO `picture` VALUES ('549', '5', '30', '20161023213126788.jpg', '\0', '2016-10-23 21:31:26.823', '\0');
INSERT INTO `picture` VALUES ('550', '5', '30', '20161023213126856.jpg', '\0', '2016-10-23 21:31:26.890', '\0');
INSERT INTO `picture` VALUES ('551', '5', '30', '20161023213126925.jpg', '\0', '2016-10-23 21:31:26.957', '\0');
INSERT INTO `picture` VALUES ('552', '5', '30', '20161023213126991.jpg', '\0', '2016-10-23 21:31:27.050', '\0');
INSERT INTO `picture` VALUES ('553', '5', '30', '20161023213127138.jpg', '\0', '2016-10-23 21:31:27.187', '\0');
INSERT INTO `picture` VALUES ('554', '5', '30', '20161023213127280.jpg', '\0', '2016-10-23 21:31:27.333', '\0');
INSERT INTO `picture` VALUES ('555', '5', '30', '20161023213127408.jpg', '\0', '2016-10-23 21:31:27.450', '\0');
INSERT INTO `picture` VALUES ('556', '5', '30', '20161023213127553.jpg', '\0', '2016-10-23 21:31:27.597', '\0');
INSERT INTO `picture` VALUES ('557', '5', '30', '20161023213127659.jpg', '\0', '2016-10-23 21:31:27.693', '\0');
INSERT INTO `picture` VALUES ('558', '5', '30', '20161023213127725.jpg', '', '2016-10-23 21:31:27.760', '\0');
INSERT INTO `picture` VALUES ('559', '5', '30', '20161023213127791.jpg', '\0', '2016-10-23 21:31:27.827', '\0');
INSERT INTO `picture` VALUES ('560', '5', '30', '20161023213127858.jpg', '\0', '2016-10-23 21:31:27.893', '\0');
INSERT INTO `picture` VALUES ('561', '5', '30', '20161023213127926.jpg', '\0', '2016-10-23 21:31:27.960', '\0');
INSERT INTO `picture` VALUES ('562', '5', '30', '20161023213127990.jpg', '\0', '2016-10-23 21:31:28.043', '\0');
INSERT INTO `picture` VALUES ('563', '5', '30', '20161023213128057.jpg', '\0', '2016-10-23 21:31:28.090', '\0');
INSERT INTO `picture` VALUES ('564', '5', '30', '20161023213128125.jpg', '\0', '2016-10-23 21:31:28.157', '\0');
INSERT INTO `picture` VALUES ('565', '5', '30', '20161023213128189.jpg', '\0', '2016-10-23 21:31:28.223', '\0');
INSERT INTO `picture` VALUES ('566', '5', '31', '20161023213229116.jpg', '\0', '2016-10-23 21:32:29.193', '\0');
INSERT INTO `picture` VALUES ('567', '5', '31', '20161023213229298.jpg', '\0', '2016-10-23 21:32:29.363', '\0');
INSERT INTO `picture` VALUES ('568', '5', '31', '20161023213229391.jpg', '\0', '2016-10-23 21:32:29.443', '\0');
INSERT INTO `picture` VALUES ('569', '5', '31', '20161023213229575.jpg', '\0', '2016-10-23 21:32:29.607', '\0');
INSERT INTO `picture` VALUES ('570', '5', '31', '20161023213229660.jpg', '\0', '2016-10-23 21:32:29.687', '\0');
INSERT INTO `picture` VALUES ('571', '5', '31', '20161023213229725.jpg', '\0', '2016-10-23 21:32:29.760', '\0');
INSERT INTO `picture` VALUES ('572', '5', '31', '20161023213229791.jpg', '\0', '2016-10-23 21:32:29.827', '\0');
INSERT INTO `picture` VALUES ('573', '5', '31', '20161023213229855.jpg', '\0', '2016-10-23 21:32:29.877', '\0');
INSERT INTO `picture` VALUES ('574', '5', '31', '20161023213229924.jpg', '\0', '2016-10-23 21:32:29.947', '\0');
INSERT INTO `picture` VALUES ('575', '5', '31', '20161023213229990.jpg', '\0', '2016-10-23 21:32:30.027', '\0');
INSERT INTO `picture` VALUES ('576', '5', '31', '20161023213230054.jpg', '\0', '2016-10-23 21:32:30.090', '\0');
INSERT INTO `picture` VALUES ('577', '5', '31', '20161023213230123.jpg', '', '2016-10-23 21:32:30.157', '\0');
INSERT INTO `picture` VALUES ('578', '5', '31', '20161023213230191.jpg', '\0', '2016-10-23 21:32:30.227', '\0');
INSERT INTO `picture` VALUES ('579', '5', '31', '20161023213230256.jpg', '\0', '2016-10-23 21:32:30.280', '\0');
INSERT INTO `picture` VALUES ('580', '5', '31', '20161023213230341.jpg', '\0', '2016-10-23 21:32:30.383', '\0');
INSERT INTO `picture` VALUES ('581', '5', '31', '20161023213230456.jpg', '\0', '2016-10-23 21:32:30.493', '\0');
INSERT INTO `picture` VALUES ('582', '5', '31', '20161023213230521.jpg', '\0', '2016-10-23 21:32:30.547', '\0');
INSERT INTO `picture` VALUES ('583', '5', '31', '20161023213230591.jpg', '\0', '2016-10-23 21:32:30.657', '\0');
INSERT INTO `picture` VALUES ('584', '5', '31', '20161023213230746.jpg', '\0', '2016-10-23 21:32:30.783', '\0');
INSERT INTO `picture` VALUES ('585', '5', '31', '20161023213230866.jpg', '\0', '2016-10-23 21:32:30.917', '\0');
INSERT INTO `picture` VALUES ('586', '5', '31', '20161023213231013.jpg', '\0', '2016-10-23 21:32:31.057', '\0');
INSERT INTO `picture` VALUES ('587', '5', '31', '20161023213231128.jpg', '\0', '2016-10-23 21:32:31.167', '\0');
INSERT INTO `picture` VALUES ('588', '5', '31', '20161023213231255.jpg', '\0', '2016-10-23 21:32:31.280', '\0');
INSERT INTO `picture` VALUES ('589', '5', '31', '20161023213231326.jpg', '\0', '2016-10-23 21:32:31.347', '\0');
INSERT INTO `picture` VALUES ('590', '5', '31', '20161023213231392.jpg', '\0', '2016-10-23 21:32:31.427', '\0');
INSERT INTO `picture` VALUES ('591', '5', '31', '20161023213231456.jpg', '\0', '2016-10-23 21:32:31.490', '\0');
INSERT INTO `picture` VALUES ('592', '5', '31', '20161023213231613.jpg', '\0', '2016-10-23 21:32:31.650', '\0');
INSERT INTO `picture` VALUES ('593', '5', '31', '20161023213231756.jpg', '\0', '2016-10-23 21:32:31.837', '\0');
INSERT INTO `picture` VALUES ('594', '5', '31', '20161023213231859.jpg', '\0', '2016-10-23 21:32:31.893', '\0');
INSERT INTO `picture` VALUES ('595', '3', '32', '20161023213443401.jpg', '\0', '2016-10-23 21:34:43.507', '\0');
INSERT INTO `picture` VALUES ('596', '3', '32', '20161023213443591.jpg', '\0', '2016-10-23 21:34:43.653', '\0');
INSERT INTO `picture` VALUES ('597', '3', '32', '20161023213443762.jpg', '\0', '2016-10-23 21:34:43.817', '\0');
INSERT INTO `picture` VALUES ('598', '3', '32', '20161023213443854.jpg', '\0', '2016-10-23 21:34:43.913', '\0');
INSERT INTO `picture` VALUES ('599', '3', '32', '20161023213444003.jpg', '\0', '2016-10-23 21:34:44.073', '\0');
INSERT INTO `picture` VALUES ('600', '3', '32', '20161023213444105.jpg', '\0', '2016-10-23 21:34:44.170', '\0');
INSERT INTO `picture` VALUES ('601', '3', '32', '20161023213444295.jpg', '\0', '2016-10-23 21:34:44.370', '\0');
INSERT INTO `picture` VALUES ('602', '3', '32', '20161023213444455.jpg', '\0', '2016-10-23 21:34:44.523', '\0');
INSERT INTO `picture` VALUES ('603', '3', '32', '20161023213444596.jpg', '\0', '2016-10-23 21:34:44.657', '\0');
INSERT INTO `picture` VALUES ('604', '3', '32', '20161023213444729.jpg', '\0', '2016-10-23 21:34:44.810', '\0');
INSERT INTO `picture` VALUES ('605', '3', '32', '20161023213444862.jpg', '\0', '2016-10-23 21:34:44.913', '\0');
INSERT INTO `picture` VALUES ('606', '3', '32', '20161023213444973.jpg', '', '2016-10-23 21:34:45.027', '\0');
INSERT INTO `picture` VALUES ('607', '3', '32', '20161023213445143.jpg', '\0', '2016-10-23 21:34:45.203', '\0');
INSERT INTO `picture` VALUES ('608', '3', '32', '20161023213445247.jpg', '\0', '2016-10-23 21:34:45.320', '\0');
INSERT INTO `picture` VALUES ('609', '3', '32', '20161023213445383.jpg', '\0', '2016-10-23 21:34:45.447', '\0');
INSERT INTO `picture` VALUES ('610', '3', '32', '20161023213445506.jpg', '\0', '2016-10-23 21:34:45.563', '\0');
INSERT INTO `picture` VALUES ('611', '3', '32', '20161023213445640.jpg', '\0', '2016-10-23 21:34:45.693', '\0');
INSERT INTO `picture` VALUES ('612', '3', '32', '20161023213445803.jpg', '\0', '2016-10-23 21:34:45.870', '\0');
INSERT INTO `picture` VALUES ('613', '3', '32', '20161023213445936.jpg', '\0', '2016-10-23 21:34:45.987', '\0');
INSERT INTO `picture` VALUES ('614', '3', '32', '20161023213446039.jpg', '\0', '2016-10-23 21:34:46.077', '\0');
INSERT INTO `picture` VALUES ('615', '3', '32', '20161023213446103.jpg', '\0', '2016-10-23 21:34:46.137', '\0');
INSERT INTO `picture` VALUES ('616', '3', '32', '20161023213446184.jpg', '\0', '2016-10-23 21:34:46.233', '\0');
INSERT INTO `picture` VALUES ('617', '3', '32', '20161023213446328.jpg', '\0', '2016-10-23 21:34:46.373', '\0');
INSERT INTO `picture` VALUES ('618', '3', '32', '20161023213446476.jpg', '\0', '2016-10-23 21:34:46.530', '\0');
INSERT INTO `picture` VALUES ('619', '3', '32', '20161023213446571.jpg', '\0', '2016-10-23 21:34:46.623', '\0');
INSERT INTO `picture` VALUES ('620', '3', '32', '20161023213446639.jpg', '\0', '2016-10-23 21:34:46.690', '\0');
INSERT INTO `picture` VALUES ('621', '3', '32', '20161023213446705.jpg', '\0', '2016-10-23 21:34:46.757', '\0');
INSERT INTO `picture` VALUES ('622', '3', '32', '20161023213446837.jpg', '\0', '2016-10-23 21:34:46.893', '\0');
INSERT INTO `picture` VALUES ('623', '3', '32', '20161023213446985.jpg', '\0', '2016-10-23 21:34:47.027', '\0');
INSERT INTO `picture` VALUES ('624', '3', '32', '20161023213447107.jpg', '\0', '2016-10-23 21:34:47.170', '\0');
INSERT INTO `picture` VALUES ('625', '3', '32', '20161023213447239.jpg', '\0', '2016-10-23 21:34:47.297', '\0');
INSERT INTO `picture` VALUES ('626', '3', '32', '20161023213447388.jpg', '\0', '2016-10-23 21:34:47.460', '\0');
INSERT INTO `picture` VALUES ('627', '3', '32', '20161023213447504.jpg', '\0', '2016-10-23 21:34:47.560', '\0');
INSERT INTO `picture` VALUES ('628', '3', '32', '20161023213447653.jpg', '\0', '2016-10-23 21:34:47.727', '\0');
INSERT INTO `picture` VALUES ('629', '3', '32', '20161023213447770.jpg', '\0', '2016-10-23 21:34:47.827', '\0');
INSERT INTO `picture` VALUES ('630', '3', '32', '20161023213447906.jpg', '\0', '2016-10-23 21:34:47.963', '\0');
INSERT INTO `picture` VALUES ('631', '3', '32', '20161023213448042.jpg', '\0', '2016-10-23 21:34:48.103', '\0');
INSERT INTO `picture` VALUES ('632', '3', '32', '20161023213448193.jpg', '\0', '2016-10-23 21:34:48.253', '\0');
INSERT INTO `picture` VALUES ('633', '3', '32', '20161023213448304.jpg', '\0', '2016-10-23 21:34:48.403', '\0');
INSERT INTO `picture` VALUES ('634', '3', '32', '20161023213448529.jpg', '\0', '2016-10-23 21:34:48.573', '\0');
INSERT INTO `picture` VALUES ('635', '3', '32', '20161023213448640.jpg', '\0', '2016-10-23 21:34:48.700', '\0');
INSERT INTO `picture` VALUES ('636', '3', '32', '20161023213448787.jpg', '\0', '2016-10-23 21:34:48.853', '\0');
INSERT INTO `picture` VALUES ('637', '3', '32', '20161023213448905.jpg', '\0', '2016-10-23 21:34:48.943', '\0');
INSERT INTO `picture` VALUES ('638', '3', '33', '20161023213543793.jpg', '\0', '2016-10-23 21:35:43.857', '\0');
INSERT INTO `picture` VALUES ('639', '3', '33', '20161023213543874.jpg', '\0', '2016-10-23 21:35:43.917', '\0');
INSERT INTO `picture` VALUES ('640', '3', '33', '20161023213543939.jpg', '\0', '2016-10-23 21:35:43.990', '\0');
INSERT INTO `picture` VALUES ('641', '3', '33', '20161023213544008.jpg', '\0', '2016-10-23 21:35:44.057', '\0');
INSERT INTO `picture` VALUES ('642', '3', '33', '20161023213544074.jpg', '\0', '2016-10-23 21:35:44.117', '\0');
INSERT INTO `picture` VALUES ('643', '3', '33', '20161023213544139.jpg', '\0', '2016-10-23 21:35:44.180', '\0');
INSERT INTO `picture` VALUES ('644', '3', '33', '20161023213544301.jpg', '\0', '2016-10-23 21:35:44.360', '\0');
INSERT INTO `picture` VALUES ('645', '3', '33', '20161023213544406.jpg', '\0', '2016-10-23 21:35:44.447', '\0');
INSERT INTO `picture` VALUES ('646', '3', '33', '20161023213544473.jpg', '', '2016-10-23 21:35:44.513', '\0');
INSERT INTO `picture` VALUES ('647', '3', '33', '20161023213544538.jpg', '\0', '2016-10-23 21:35:44.580', '\0');
INSERT INTO `picture` VALUES ('648', '3', '33', '20161023213544703.jpg', '\0', '2016-10-23 21:35:44.763', '\0');
INSERT INTO `picture` VALUES ('649', '3', '33', '20161023213544821.jpg', '\0', '2016-10-23 21:35:44.867', '\0');
INSERT INTO `picture` VALUES ('650', '3', '34', '20161023213641152.jpg', '', '2016-10-23 21:36:41.217', '\0');
INSERT INTO `picture` VALUES ('651', '3', '34', '20161023213641312.jpg', '\0', '2016-10-23 21:36:41.397', '\0');
INSERT INTO `picture` VALUES ('652', '3', '34', '20161023213641513.jpg', '\0', '2016-10-23 21:36:41.587', '\0');
INSERT INTO `picture` VALUES ('653', '3', '34', '20161023213641617.jpg', '\0', '2016-10-23 21:36:41.680', '\0');
INSERT INTO `picture` VALUES ('654', '3', '34', '20161023213641763.jpg', '\0', '2016-10-23 21:36:41.827', '\0');
INSERT INTO `picture` VALUES ('655', '3', '34', '20161023213641899.jpg', '\0', '2016-10-23 21:36:41.973', '\0');
INSERT INTO `picture` VALUES ('656', '3', '35', '20161023213717130.jpg', '\0', '2016-10-23 21:37:17.203', '\0');
INSERT INTO `picture` VALUES ('657', '3', '35', '20161023213717285.jpg', '\0', '2016-10-23 21:37:17.363', '\0');
INSERT INTO `picture` VALUES ('658', '3', '35', '20161023213717393.jpg', '\0', '2016-10-23 21:37:17.457', '\0');
INSERT INTO `picture` VALUES ('659', '3', '35', '20161023213717574.jpg', '\0', '2016-10-23 21:37:17.657', '\0');
INSERT INTO `picture` VALUES ('660', '3', '35', '20161023213717762.jpg', '', '2016-10-23 21:37:17.840', '\0');
INSERT INTO `picture` VALUES ('661', '3', '35', '20161023213717857.jpg', '\0', '2016-10-23 21:37:17.923', '\0');
INSERT INTO `picture` VALUES ('662', '3', '35', '20161023213717997.jpg', '\0', '2016-10-23 21:37:18.077', '\0');
INSERT INTO `picture` VALUES ('663', '3', '35', '20161023213718122.jpg', '\0', '2016-10-23 21:37:18.193', '\0');
INSERT INTO `picture` VALUES ('664', '3', '35', '20161023213718266.jpg', '\0', '2016-10-23 21:37:18.377', '\0');
INSERT INTO `picture` VALUES ('665', '3', '35', '20161023213718497.jpg', '\0', '2016-10-23 21:37:18.580', '\0');
INSERT INTO `picture` VALUES ('666', '3', '35', '20161023213718669.jpg', '\0', '2016-10-23 21:37:18.743', '\0');
INSERT INTO `picture` VALUES ('667', '3', '35', '20161023213718793.jpg', '\0', '2016-10-23 21:37:18.870', '\0');
INSERT INTO `picture` VALUES ('668', '3', '35', '20161023213719019.jpg', '\0', '2016-10-23 21:37:19.113', '\0');
INSERT INTO `picture` VALUES ('669', '3', '36', '20161023213818698.jpg', '\0', '2016-10-23 21:38:18.807', '\0');
INSERT INTO `picture` VALUES ('670', '3', '36', '20161023213818944.jpg', '\0', '2016-10-23 21:38:18.997', '\0');
INSERT INTO `picture` VALUES ('671', '3', '36', '20161023213819034.jpg', '\0', '2016-10-23 21:38:19.090', '\0');
INSERT INTO `picture` VALUES ('672', '3', '36', '20161023213819220.jpg', '\0', '2016-10-23 21:38:19.283', '\0');
INSERT INTO `picture` VALUES ('673', '3', '36', '20161023213819418.jpg', '\0', '2016-10-23 21:38:19.477', '\0');
INSERT INTO `picture` VALUES ('674', '3', '36', '20161023213819604.jpg', '\0', '2016-10-23 21:38:19.677', '\0');
INSERT INTO `picture` VALUES ('675', '3', '36', '20161023213819801.jpg', '\0', '2016-10-23 21:38:19.867', '\0');
INSERT INTO `picture` VALUES ('676', '3', '36', '20161023213820006.jpg', '\0', '2016-10-23 21:38:20.073', '\0');
INSERT INTO `picture` VALUES ('677', '3', '36', '20161023213820099.jpg', '', '2016-10-23 21:38:20.157', '\0');
INSERT INTO `picture` VALUES ('678', '8', '37', '20161023213939107.jpg', '\0', '2016-10-23 21:39:39.170', '\0');
INSERT INTO `picture` VALUES ('679', '8', '37', '20161023213939235.jpg', '', '2016-10-23 21:39:39.287', '\0');
INSERT INTO `picture` VALUES ('680', '8', '37', '20161023213939360.jpg', '\0', '2016-10-23 21:39:39.417', '\0');
INSERT INTO `picture` VALUES ('681', '8', '37', '20161023213939499.jpg', '\0', '2016-10-23 21:39:39.553', '\0');
INSERT INTO `picture` VALUES ('682', '8', '37', '20161023213939632.jpg', '\0', '2016-10-23 21:39:39.690', '\0');
INSERT INTO `picture` VALUES ('683', '8', '37', '20161023213939817.jpg', '\0', '2016-10-23 21:39:39.900', '\0');
INSERT INTO `picture` VALUES ('684', '8', '37', '20161023213939984.jpg', '\0', '2016-10-23 21:39:40.040', '\0');
INSERT INTO `picture` VALUES ('685', '8', '37', '20161023213940108.jpg', '\0', '2016-10-23 21:39:40.160', '\0');
INSERT INTO `picture` VALUES ('686', '8', '37', '20161023213940236.jpg', '\0', '2016-10-23 21:39:40.293', '\0');
INSERT INTO `picture` VALUES ('687', '8', '37', '20161023213940362.jpg', '\0', '2016-10-23 21:39:40.417', '\0');
INSERT INTO `picture` VALUES ('688', '8', '37', '20161023213940508.jpg', '\0', '2016-10-23 21:39:40.573', '\0');
INSERT INTO `picture` VALUES ('689', '8', '37', '20161023213940624.jpg', '\0', '2016-10-23 21:39:40.687', '\0');
INSERT INTO `picture` VALUES ('690', '8', '37', '20161023213940767.jpg', '\0', '2016-10-23 21:39:40.817', '\0');
INSERT INTO `picture` VALUES ('691', '8', '37', '20161023213940932.jpg', '\0', '2016-10-23 21:39:40.993', '\0');
INSERT INTO `picture` VALUES ('692', '8', '37', '20161023213941021.jpg', '\0', '2016-10-23 21:39:41.077', '\0');
INSERT INTO `picture` VALUES ('693', '8', '37', '20161023213941187.jpg', '\0', '2016-10-23 21:39:41.257', '\0');
INSERT INTO `picture` VALUES ('694', '8', '37', '20161023213941290.jpg', '\0', '2016-10-23 21:39:41.360', '\0');
INSERT INTO `picture` VALUES ('695', '8', '37', '20161023213941439.jpg', '\0', '2016-10-23 21:39:41.507', '\0');
INSERT INTO `picture` VALUES ('696', '8', '37', '20161023213941558.jpg', '\0', '2016-10-23 21:39:41.610', '\0');
INSERT INTO `picture` VALUES ('697', '8', '37', '20161023213941692.jpg', '\0', '2016-10-23 21:39:41.747', '\0');
INSERT INTO `picture` VALUES ('698', '8', '37', '20161023213941845.jpg', '\0', '2016-10-23 21:39:41.930', '\0');
INSERT INTO `picture` VALUES ('699', '8', '37', '20161023213941955.jpg', '\0', '2016-10-23 21:39:42.010', '\0');
INSERT INTO `picture` VALUES ('700', '8', '38', '20161023214034901.jpg', '\0', '2016-10-23 21:40:34.990', '\0');
INSERT INTO `picture` VALUES ('701', '8', '38', '20161023214035109.jpg', '\0', '2016-10-23 21:40:35.217', '\0');
INSERT INTO `picture` VALUES ('702', '8', '38', '20161023214035244.jpg', '\0', '2016-10-23 21:40:35.310', '\0');
INSERT INTO `picture` VALUES ('703', '8', '38', '20161023214035431.jpg', '\0', '2016-10-23 21:40:35.527', '\0');
INSERT INTO `picture` VALUES ('704', '8', '38', '20161023214035608.jpg', '\0', '2016-10-23 21:40:35.687', '\0');
INSERT INTO `picture` VALUES ('705', '8', '38', '20161023214035710.jpg', '\0', '2016-10-23 21:40:35.777', '\0');
INSERT INTO `picture` VALUES ('706', '8', '38', '20161023214035842.jpg', '\0', '2016-10-23 21:40:35.910', '\0');
INSERT INTO `picture` VALUES ('707', '8', '38', '20161023214036014.jpg', '\0', '2016-10-23 21:40:36.100', '\0');
INSERT INTO `picture` VALUES ('708', '8', '38', '20161023214036344.jpg', '', '2016-10-23 21:40:36.460', '\0');
INSERT INTO `picture` VALUES ('709', '8', '38', '20161023214036524.jpg', '\0', '2016-10-23 21:40:36.607', '\0');
INSERT INTO `picture` VALUES ('710', '8', '38', '20161023214036639.jpg', '\0', '2016-10-23 21:40:36.707', '\0');
INSERT INTO `picture` VALUES ('711', '8', '38', '20161023214036788.jpg', '\0', '2016-10-23 21:40:36.867', '\0');
INSERT INTO `picture` VALUES ('712', '8', '39', '20161023214116841.jpg', '\0', '2016-10-23 21:41:16.940', '\0');
INSERT INTO `picture` VALUES ('713', '8', '39', '20161023214117042.jpg', '\0', '2016-10-23 21:41:17.110', '\0');
INSERT INTO `picture` VALUES ('714', '8', '39', '20161023214117142.jpg', '\0', '2016-10-23 21:41:17.207', '\0');
INSERT INTO `picture` VALUES ('715', '8', '39', '20161023214117310.jpg', '\0', '2016-10-23 21:41:17.383', '\0');
INSERT INTO `picture` VALUES ('716', '8', '39', '20161023214117409.jpg', '\0', '2016-10-23 21:41:17.480', '\0');
INSERT INTO `picture` VALUES ('717', '8', '39', '20161023214117545.jpg', '\0', '2016-10-23 21:41:17.633', '\0');
INSERT INTO `picture` VALUES ('718', '8', '39', '20161023214117673.jpg', '\0', '2016-10-23 21:41:17.740', '\0');
INSERT INTO `picture` VALUES ('719', '8', '39', '20161023214117841.jpg', '\0', '2016-10-23 21:41:17.917', '\0');
INSERT INTO `picture` VALUES ('720', '8', '39', '20161023214117939.jpg', '\0', '2016-10-23 21:41:18.027', '\0');
INSERT INTO `picture` VALUES ('721', '8', '39', '20161023214118072.jpg', '\0', '2016-10-23 21:41:18.133', '\0');
INSERT INTO `picture` VALUES ('722', '8', '39', '20161023214118223.jpg', '', '2016-10-23 21:41:18.303', '\0');
INSERT INTO `picture` VALUES ('723', '8', '40', '20161023214157932.jpg', '\0', '2016-10-23 21:41:58.037', '\0');
INSERT INTO `picture` VALUES ('724', '8', '40', '20161023214158166.jpg', '\0', '2016-10-23 21:41:58.217', '\0');
INSERT INTO `picture` VALUES ('725', '8', '40', '20161023214158275.jpg', '\0', '2016-10-23 21:41:58.320', '\0');
INSERT INTO `picture` VALUES ('726', '8', '40', '20161023214158441.jpg', '', '2016-10-23 21:41:58.487', '\0');
INSERT INTO `picture` VALUES ('727', '8', '40', '20161023214158528.jpg', '\0', '2016-10-23 21:41:58.577', '\0');
INSERT INTO `picture` VALUES ('728', '8', '41', '20161023214231367.jpg', '\0', '2016-10-23 21:42:31.493', '\0');
INSERT INTO `picture` VALUES ('729', '8', '41', '20161023214231564.jpg', '\0', '2016-10-23 21:42:31.633', '\0');
INSERT INTO `picture` VALUES ('730', '8', '41', '20161023214231713.jpg', '\0', '2016-10-23 21:42:31.790', '\0');
INSERT INTO `picture` VALUES ('731', '8', '41', '20161023214231832.jpg', '', '2016-10-23 21:42:31.900', '\0');
INSERT INTO `picture` VALUES ('732', '8', '41', '20161023214231993.jpg', '\0', '2016-10-23 21:42:32.067', '\0');
INSERT INTO `picture` VALUES ('733', '8', '41', '20161023214232091.jpg', '\0', '2016-10-23 21:42:32.157', '\0');
INSERT INTO `picture` VALUES ('734', '8', '41', '20161023214232268.jpg', '\0', '2016-10-23 21:42:32.390', '\0');
INSERT INTO `picture` VALUES ('735', '8', '42', '20161023214314808.jpg', '\0', '2016-10-23 21:43:14.877', '\0');
INSERT INTO `picture` VALUES ('736', '8', '42', '20161023214314989.jpg', '', '2016-10-23 21:43:15.027', '\0');
INSERT INTO `picture` VALUES ('737', '8', '42', '20161023214315118.jpg', '\0', '2016-10-23 21:43:15.147', '\0');
INSERT INTO `picture` VALUES ('738', '8', '42', '20161023214315269.jpg', '\0', '2016-10-23 21:43:15.310', '\0');
INSERT INTO `picture` VALUES ('739', '8', '42', '20161023214315386.jpg', '\0', '2016-10-23 21:43:15.417', '\0');
INSERT INTO `picture` VALUES ('740', '8', '42', '20161023214315526.jpg', '\0', '2016-10-23 21:43:15.560', '\0');
INSERT INTO `picture` VALUES ('741', '8', '42', '20161023214315649.jpg', '\0', '2016-10-23 21:43:15.683', '\0');
INSERT INTO `picture` VALUES ('742', '8', '42', '20161023214315786.jpg', '\0', '2016-10-23 21:43:15.820', '\0');
INSERT INTO `picture` VALUES ('743', '8', '42', '20161023214315904.jpg', '\0', '2016-10-23 21:43:15.920', '\0');
INSERT INTO `picture` VALUES ('744', '8', '42', '20161023214315955.jpg', '\0', '2016-10-23 21:43:15.977', '\0');
INSERT INTO `picture` VALUES ('745', '8', '42', '20161023214316048.jpg', '\0', '2016-10-23 21:43:16.067', '\0');
INSERT INTO `picture` VALUES ('746', '8', '43', '20161023214355953.jpg', '\0', '2016-10-23 21:43:56.023', '\0');
INSERT INTO `picture` VALUES ('747', '8', '43', '20161023214356047.jpg', '\0', '2016-10-23 21:43:56.067', '\0');
INSERT INTO `picture` VALUES ('748', '8', '43', '20161023214356107.jpg', '', '2016-10-23 21:43:56.127', '\0');
INSERT INTO `picture` VALUES ('749', '8', '43', '20161023214356302.jpg', '\0', '2016-10-23 21:43:56.353', '\0');
INSERT INTO `picture` VALUES ('750', '8', '43', '20161023214356377.jpg', '\0', '2016-10-23 21:43:56.407', '\0');
INSERT INTO `picture` VALUES ('751', '8', '43', '20161023214356441.jpg', '\0', '2016-10-23 21:43:56.460', '\0');
INSERT INTO `picture` VALUES ('752', '8', '43', '20161023214356513.jpg', '\0', '2016-10-23 21:43:56.547', '\0');
INSERT INTO `picture` VALUES ('753', '8', '44', '20161023214426337.jpg', '\0', '2016-10-23 21:44:26.423', '\0');
INSERT INTO `picture` VALUES ('754', '8', '44', '20161023214426535.jpg', '\0', '2016-10-23 21:44:26.607', '\0');
INSERT INTO `picture` VALUES ('755', '8', '44', '20161023214426640.jpg', '\0', '2016-10-23 21:44:26.717', '\0');
INSERT INTO `picture` VALUES ('756', '8', '44', '20161023214426805.jpg', '\0', '2016-10-23 21:44:26.873', '\0');
INSERT INTO `picture` VALUES ('757', '8', '44', '20161023214426906.jpg', '\0', '2016-10-23 21:44:26.970', '\0');
INSERT INTO `picture` VALUES ('758', '8', '44', '20161023214427066.jpg', '\0', '2016-10-23 21:44:27.127', '\0');
INSERT INTO `picture` VALUES ('759', '8', '44', '20161023214427206.jpg', '\0', '2016-10-23 21:44:27.260', '\0');
INSERT INTO `picture` VALUES ('760', '8', '44', '20161023214427311.jpg', '\0', '2016-10-23 21:44:27.367', '\0');
INSERT INTO `picture` VALUES ('761', '8', '44', '20161023214427462.jpg', '\0', '2016-10-23 21:44:27.513', '\0');
INSERT INTO `picture` VALUES ('762', '8', '44', '20161023214427616.jpg', '\0', '2016-10-23 21:44:27.670', '\0');
INSERT INTO `picture` VALUES ('763', '8', '44', '20161023214427711.jpg', '\0', '2016-10-23 21:44:27.757', '\0');
INSERT INTO `picture` VALUES ('764', '8', '44', '20161023214427772.jpg', '', '2016-10-23 21:44:27.810', '\0');
INSERT INTO `picture` VALUES ('765', '8', '44', '20161023214427840.jpg', '\0', '2016-10-23 21:44:27.883', '\0');
INSERT INTO `picture` VALUES ('766', '8', '44', '20161023214427905.jpg', '\0', '2016-10-23 21:44:27.927', '\0');
INSERT INTO `picture` VALUES ('767', '8', '45', '20161023214514955.jpg', '', '2016-10-23 21:45:15.053', '\0');
INSERT INTO `picture` VALUES ('768', '8', '45', '20161023214515092.jpg', '\0', '2016-10-23 21:45:15.160', '\0');
INSERT INTO `picture` VALUES ('769', '8', '45', '20161023214515262.jpg', '\0', '2016-10-23 21:45:15.333', '\0');
INSERT INTO `picture` VALUES ('770', '8', '45', '20161023214515364.jpg', '\0', '2016-10-23 21:45:15.430', '\0');
INSERT INTO `picture` VALUES ('771', '8', '45', '20161023214515531.jpg', '\0', '2016-10-23 21:45:15.603', '\0');
INSERT INTO `picture` VALUES ('772', '7', '46', '20161023214639541.jpg', '', '2016-10-23 21:46:39.597', '\0');
INSERT INTO `picture` VALUES ('773', '7', '46', '20161023214639643.jpg', '\0', '2016-10-23 21:46:39.697', '\0');
INSERT INTO `picture` VALUES ('774', '7', '46', '20161023214639797.jpg', '\0', '2016-10-23 21:46:39.830', '\0');
INSERT INTO `picture` VALUES ('775', '7', '46', '20161023214639951.jpg', '\0', '2016-10-23 21:46:39.983', '\0');
INSERT INTO `picture` VALUES ('776', '7', '46', '20161023214640051.jpg', '\0', '2016-10-23 21:46:40.090', '\0');
INSERT INTO `picture` VALUES ('777', '7', '46', '20161023214640104.jpg', '\0', '2016-10-23 21:46:40.127', '\0');
INSERT INTO `picture` VALUES ('778', '7', '47', '20161023214715904.jpg', '\0', '2016-10-23 21:47:16.017', '\0');
INSERT INTO `picture` VALUES ('779', '7', '47', '20161023214716144.jpg', '\0', '2016-10-23 21:47:16.237', '\0');
INSERT INTO `picture` VALUES ('780', '7', '47', '20161023214716277.jpg', '\0', '2016-10-23 21:47:16.333', '\0');
INSERT INTO `picture` VALUES ('781', '7', '47', '20161023214716449.jpg', '\0', '2016-10-23 21:47:16.513', '\0');
INSERT INTO `picture` VALUES ('782', '7', '47', '20161023214716543.jpg', '', '2016-10-23 21:47:16.600', '\0');
INSERT INTO `picture` VALUES ('783', '7', '47', '20161023214716699.jpg', '\0', '2016-10-23 21:47:16.767', '\0');
INSERT INTO `picture` VALUES ('784', '7', '47', '20161023214716808.jpg', '\0', '2016-10-23 21:47:16.840', '\0');
INSERT INTO `picture` VALUES ('785', '7', '47', '20161023214716878.jpg', '\0', '2016-10-23 21:47:16.933', '\0');
INSERT INTO `picture` VALUES ('786', '7', '47', '20161023214717024.jpg', '\0', '2016-10-23 21:47:17.067', '\0');
INSERT INTO `picture` VALUES ('787', '7', '48', '20161023214806487.jpg', '\0', '2016-10-23 21:48:06.553', '\0');
INSERT INTO `picture` VALUES ('788', '7', '48', '20161023214806591.jpg', '\0', '2016-10-23 21:48:06.623', '\0');
INSERT INTO `picture` VALUES ('789', '7', '48', '20161023214806656.jpg', '\0', '2016-10-23 21:48:06.687', '\0');
INSERT INTO `picture` VALUES ('790', '7', '48', '20161023214806732.jpg', '\0', '2016-10-23 21:48:06.763', '\0');
INSERT INTO `picture` VALUES ('791', '7', '48', '20161023214806791.jpg', '\0', '2016-10-23 21:48:06.823', '\0');
INSERT INTO `picture` VALUES ('792', '7', '48', '20161023214806857.jpg', '\0', '2016-10-23 21:48:06.890', '\0');
INSERT INTO `picture` VALUES ('793', '7', '48', '20161023214806928.jpg', '', '2016-10-23 21:48:06.960', '\0');
INSERT INTO `picture` VALUES ('794', '7', '48', '20161023214806987.jpg', '\0', '2016-10-23 21:48:07.010', '\0');
INSERT INTO `picture` VALUES ('795', '7', '48', '20161023214807056.jpg', '\0', '2016-10-23 21:48:07.090', '\0');
INSERT INTO `picture` VALUES ('796', '7', '48', '20161023214807139.jpg', '\0', '2016-10-23 21:48:07.170', '\0');
INSERT INTO `picture` VALUES ('797', '7', '48', '20161023214807187.jpg', '\0', '2016-10-23 21:48:07.220', '\0');
INSERT INTO `picture` VALUES ('798', '7', '48', '20161023214807257.jpg', '\0', '2016-10-23 21:48:07.290', '\0');
INSERT INTO `picture` VALUES ('799', '7', '48', '20161023214807324.jpg', '\0', '2016-10-23 21:48:07.357', '\0');
INSERT INTO `picture` VALUES ('800', '7', '48', '20161023214807389.jpg', '\0', '2016-10-23 21:48:07.423', '\0');
INSERT INTO `picture` VALUES ('801', '7', '48', '20161023214807456.jpg', '\0', '2016-10-23 21:48:07.477', '\0');
INSERT INTO `picture` VALUES ('802', '7', '48', '20161023214807523.jpg', '\0', '2016-10-23 21:48:07.557', '\0');
INSERT INTO `picture` VALUES ('803', '7', '48', '20161023214807590.jpg', '\0', '2016-10-23 21:48:07.623', '\0');
INSERT INTO `picture` VALUES ('804', '7', '48', '20161023214807657.jpg', '\0', '2016-10-23 21:48:07.690', '\0');
INSERT INTO `picture` VALUES ('805', '7', '49', '20161023214905451.jpg', '\0', '2016-10-23 21:49:05.480', '\0');
INSERT INTO `picture` VALUES ('806', '7', '49', '20161023214905529.jpg', '\0', '2016-10-23 21:49:05.567', '\0');
INSERT INTO `picture` VALUES ('807', '7', '49', '20161023214905593.jpg', '\0', '2016-10-23 21:49:05.617', '\0');
INSERT INTO `picture` VALUES ('808', '7', '49', '20161023214905657.jpg', '\0', '2016-10-23 21:49:05.690', '\0');
INSERT INTO `picture` VALUES ('809', '7', '49', '20161023214905725.jpg', '\0', '2016-10-23 21:49:05.743', '\0');
INSERT INTO `picture` VALUES ('810', '7', '49', '20161023214905791.jpg', '\0', '2016-10-23 21:49:05.810', '\0');
INSERT INTO `picture` VALUES ('811', '7', '49', '20161023214905854.jpg', '\0', '2016-10-23 21:49:05.873', '\0');
INSERT INTO `picture` VALUES ('812', '7', '49', '20161023214905922.jpg', '', '2016-10-23 21:49:05.940', '\0');
INSERT INTO `picture` VALUES ('813', '7', '50', '20161023214955477.jpg', '\0', '2016-10-23 21:49:55.587', '\0');
INSERT INTO `picture` VALUES ('814', '7', '50', '20161023214955650.jpg', '\0', '2016-10-23 21:49:55.693', '\0');
INSERT INTO `picture` VALUES ('815', '7', '50', '20161023214955784.jpg', '\0', '2016-10-23 21:49:55.860', '\0');
INSERT INTO `picture` VALUES ('816', '7', '50', '20161023214955910.jpg', '\0', '2016-10-23 21:49:55.960', '\0');
INSERT INTO `picture` VALUES ('817', '7', '50', '20161023214956067.jpg', '\0', '2016-10-23 21:49:56.153', '\0');
INSERT INTO `picture` VALUES ('818', '7', '50', '20161023214956175.jpg', '\0', '2016-10-23 21:49:56.227', '\0');
INSERT INTO `picture` VALUES ('819', '7', '50', '20161023214956341.jpg', '\0', '2016-10-23 21:49:56.410', '\0');
INSERT INTO `picture` VALUES ('820', '7', '50', '20161023214956441.jpg', '\0', '2016-10-23 21:49:56.497', '\0');
INSERT INTO `picture` VALUES ('821', '7', '50', '20161023214956601.jpg', '\0', '2016-10-23 21:49:56.647', '\0');
INSERT INTO `picture` VALUES ('822', '7', '50', '20161023214956725.jpg', '\0', '2016-10-23 21:49:56.787', '\0');
INSERT INTO `picture` VALUES ('823', '7', '50', '20161023214956843.jpg', '\0', '2016-10-23 21:49:56.897', '\0');
INSERT INTO `picture` VALUES ('824', '7', '50', '20161023214956996.jpg', '\0', '2016-10-23 21:49:57.060', '\0');
INSERT INTO `picture` VALUES ('825', '7', '50', '20161023214957106.jpg', '\0', '2016-10-23 21:49:57.160', '\0');
INSERT INTO `picture` VALUES ('826', '7', '50', '20161023214957253.jpg', '\0', '2016-10-23 21:49:57.333', '\0');
INSERT INTO `picture` VALUES ('827', '7', '50', '20161023214957374.jpg', '\0', '2016-10-23 21:49:57.430', '\0');
INSERT INTO `picture` VALUES ('828', '7', '50', '20161023214957551.jpg', '\0', '2016-10-23 21:49:57.597', '\0');
INSERT INTO `picture` VALUES ('829', '7', '50', '20161023214957661.jpg', '\0', '2016-10-23 21:49:57.713', '\0');
INSERT INTO `picture` VALUES ('830', '7', '50', '20161023214957779.jpg', '\0', '2016-10-23 21:49:57.840', '\0');
INSERT INTO `picture` VALUES ('831', '7', '50', '20161023214957926.jpg', '\0', '2016-10-23 21:49:58.000', '\0');
INSERT INTO `picture` VALUES ('832', '7', '50', '20161023214958041.jpg', '', '2016-10-23 21:49:58.097', '\0');
INSERT INTO `picture` VALUES ('833', '7', '50', '20161023214958225.jpg', '\0', '2016-10-23 21:49:58.297', '\0');
INSERT INTO `picture` VALUES ('834', '7', '50', '20161023214958430.jpg', '\0', '2016-10-23 21:49:58.500', '\0');
INSERT INTO `picture` VALUES ('835', '7', '50', '20161023214958610.jpg', '\0', '2016-10-23 21:49:58.680', '\0');
INSERT INTO `picture` VALUES ('836', '7', '50', '20161023214958707.jpg', '\0', '2016-10-23 21:49:58.763', '\0');
INSERT INTO `picture` VALUES ('837', '7', '50', '20161023214958851.jpg', '\0', '2016-10-23 21:49:58.917', '\0');
INSERT INTO `picture` VALUES ('838', '7', '50', '20161023214958992.jpg', '\0', '2016-10-23 21:49:59.047', '\0');
INSERT INTO `picture` VALUES ('839', '7', '50', '20161023214959105.jpg', '\0', '2016-10-23 21:49:59.160', '\0');
INSERT INTO `picture` VALUES ('840', '7', '51', '20161023215054164.jpg', '\0', '2016-10-23 21:50:54.217', '\0');
INSERT INTO `picture` VALUES ('841', '7', '51', '20161023215054418.jpg', '\0', '2016-10-23 21:50:54.473', '\0');
INSERT INTO `picture` VALUES ('842', '7', '51', '20161023215054488.jpg', '', '2016-10-23 21:50:54.557', '\0');
INSERT INTO `picture` VALUES ('843', '7', '51', '20161023215054673.jpg', '\0', '2016-10-23 21:50:54.720', '\0');
INSERT INTO `picture` VALUES ('844', '7', '51', '20161023215054769.jpg', '\0', '2016-10-23 21:50:54.807', '\0');
INSERT INTO `picture` VALUES ('845', '7', '51', '20161023215054929.jpg', '\0', '2016-10-23 21:50:54.977', '\0');
INSERT INTO `picture` VALUES ('846', '7', '51', '20161023215055069.jpg', '\0', '2016-10-23 21:50:55.117', '\0');
INSERT INTO `picture` VALUES ('847', '7', '51', '20161023215055168.jpg', '\0', '2016-10-23 21:50:55.230', '\0');
INSERT INTO `picture` VALUES ('848', '7', '51', '20161023215055338.jpg', '\0', '2016-10-23 21:50:55.393', '\0');
INSERT INTO `picture` VALUES ('849', '7', '51', '20161023215055444.jpg', '\0', '2016-10-23 21:50:55.480', '\0');
INSERT INTO `picture` VALUES ('850', '7', '51', '20161023215055600.jpg', '\0', '2016-10-23 21:50:55.640', '\0');
INSERT INTO `picture` VALUES ('851', '7', '52', '20161023215140086.jpg', '\0', '2016-10-23 21:51:40.137', '\0');
INSERT INTO `picture` VALUES ('852', '7', '52', '20161023215140164.jpg', '\0', '2016-10-23 21:51:40.193', '\0');
INSERT INTO `picture` VALUES ('853', '7', '52', '20161023215140221.jpg', '\0', '2016-10-23 21:51:40.247', '\0');
INSERT INTO `picture` VALUES ('854', '7', '52', '20161023215140313.jpg', '\0', '2016-10-23 21:51:40.350', '\0');
INSERT INTO `picture` VALUES ('855', '7', '52', '20161023215140457.jpg', '\0', '2016-10-23 21:51:40.497', '\0');
INSERT INTO `picture` VALUES ('856', '7', '52', '20161023215140560.jpg', '\0', '2016-10-23 21:51:40.597', '\0');
INSERT INTO `picture` VALUES ('857', '7', '52', '20161023215140692.jpg', '\0', '2016-10-23 21:51:40.733', '\0');
INSERT INTO `picture` VALUES ('858', '7', '52', '20161023215140755.jpg', '\0', '2016-10-23 21:51:40.780', '\0');
INSERT INTO `picture` VALUES ('859', '7', '52', '20161023215140831.jpg', '\0', '2016-10-23 21:51:40.867', '\0');
INSERT INTO `picture` VALUES ('860', '7', '52', '20161023215140887.jpg', '\0', '2016-10-23 21:51:40.910', '\0');
INSERT INTO `picture` VALUES ('861', '7', '52', '20161023215140955.jpg', '\0', '2016-10-23 21:51:40.980', '\0');
INSERT INTO `picture` VALUES ('862', '7', '52', '20161023215141023.jpg', '\0', '2016-10-23 21:51:41.047', '\0');
INSERT INTO `picture` VALUES ('863', '7', '52', '20161023215141089.jpg', '\0', '2016-10-23 21:51:41.117', '\0');
INSERT INTO `picture` VALUES ('864', '7', '52', '20161023215141153.jpg', '\0', '2016-10-23 21:51:41.180', '\0');
INSERT INTO `picture` VALUES ('865', '7', '52', '20161023215141221.jpg', '\0', '2016-10-23 21:51:41.247', '\0');
INSERT INTO `picture` VALUES ('866', '7', '52', '20161023215141288.jpg', '\0', '2016-10-23 21:51:41.313', '\0');
INSERT INTO `picture` VALUES ('867', '7', '52', '20161023215141356.jpg', '\0', '2016-10-23 21:51:41.393', '\0');
INSERT INTO `picture` VALUES ('868', '7', '52', '20161023215141424.jpg', '\0', '2016-10-23 21:51:41.450', '\0');
INSERT INTO `picture` VALUES ('869', '7', '52', '20161023215141486.jpg', '\0', '2016-10-23 21:51:41.513', '\0');
INSERT INTO `picture` VALUES ('870', '7', '52', '20161023215141553.jpg', '\0', '2016-10-23 21:51:41.580', '\0');
INSERT INTO `picture` VALUES ('871', '7', '52', '20161023215141620.jpg', '\0', '2016-10-23 21:51:41.647', '\0');
INSERT INTO `picture` VALUES ('872', '7', '52', '20161023215141689.jpg', '\0', '2016-10-23 21:51:41.727', '\0');
INSERT INTO `picture` VALUES ('873', '7', '52', '20161023215141756.jpg', '\0', '2016-10-23 21:51:41.780', '\0');
INSERT INTO `picture` VALUES ('874', '7', '52', '20161023215141822.jpg', '\0', '2016-10-23 21:51:41.847', '\0');
INSERT INTO `picture` VALUES ('875', '7', '52', '20161023215141889.jpg', '\0', '2016-10-23 21:51:41.913', '\0');
INSERT INTO `picture` VALUES ('876', '7', '52', '20161023215141956.jpg', '\0', '2016-10-23 21:51:42.017', '\0');
INSERT INTO `picture` VALUES ('877', '7', '52', '20161023215142097.jpg', '\0', '2016-10-23 21:51:42.140', '\0');
INSERT INTO `picture` VALUES ('878', '7', '52', '20161023215142154.jpg', '\0', '2016-10-23 21:51:42.180', '\0');
INSERT INTO `picture` VALUES ('879', '7', '52', '20161023215142221.jpg', '\0', '2016-10-23 21:51:42.247', '\0');
INSERT INTO `picture` VALUES ('880', '7', '52', '20161023215142314.jpg', '\0', '2016-10-23 21:51:42.373', '\0');
INSERT INTO `picture` VALUES ('881', '7', '52', '20161023215142430.jpg', '', '2016-10-23 21:51:42.480', '\0');
INSERT INTO `picture` VALUES ('882', '7', '52', '20161023215142572.jpg', '\0', '2016-10-23 21:51:42.600', '\0');
INSERT INTO `picture` VALUES ('883', '7', '52', '20161023215142621.jpg', '\0', '2016-10-23 21:51:42.647', '\0');
INSERT INTO `picture` VALUES ('884', '7', '52', '20161023215142687.jpg', '\0', '2016-10-23 21:51:42.710', '\0');
INSERT INTO `picture` VALUES ('885', '7', '52', '20161023215142754.jpg', '\0', '2016-10-23 21:51:42.803', '\0');
INSERT INTO `picture` VALUES ('886', '7', '52', '20161023215142822.jpg', '\0', '2016-10-23 21:51:42.847', '\0');
INSERT INTO `picture` VALUES ('887', '7', '53', '20161023215238993.jpg', '\0', '2016-10-23 21:52:39.023', '\0');
INSERT INTO `picture` VALUES ('888', '7', '53', '20161023215239130.jpg', '\0', '2016-10-23 21:52:39.173', '\0');
INSERT INTO `picture` VALUES ('889', '7', '53', '20161023215239263.jpg', '\0', '2016-10-23 21:52:39.297', '\0');
INSERT INTO `picture` VALUES ('890', '7', '53', '20161023215239419.jpg', '\0', '2016-10-23 21:52:39.450', '\0');
INSERT INTO `picture` VALUES ('891', '7', '53', '20161023215239543.jpg', '\0', '2016-10-23 21:52:39.587', '\0');
INSERT INTO `picture` VALUES ('892', '7', '53', '20161023215239640.jpg', '\0', '2016-10-23 21:52:39.680', '\0');
INSERT INTO `picture` VALUES ('893', '7', '53', '20161023215239707.jpg', '\0', '2016-10-23 21:52:39.740', '\0');
INSERT INTO `picture` VALUES ('894', '7', '53', '20161023215239775.jpg', '\0', '2016-10-23 21:52:39.810', '\0');
INSERT INTO `picture` VALUES ('895', '7', '53', '20161023215239857.jpg', '\0', '2016-10-23 21:52:39.877', '\0');
INSERT INTO `picture` VALUES ('896', '7', '53', '20161023215239907.jpg', '', '2016-10-23 21:52:39.940', '\0');
INSERT INTO `picture` VALUES ('897', '7', '53', '20161023215239980.jpg', '\0', '2016-10-23 21:52:40.010', '\0');
INSERT INTO `picture` VALUES ('898', '7', '53', '20161023215240063.jpg', '\0', '2016-10-23 21:52:40.083', '\0');
INSERT INTO `picture` VALUES ('899', '7', '53', '20161023215240107.jpg', '\0', '2016-10-23 21:52:40.140', '\0');
INSERT INTO `picture` VALUES ('900', '7', '53', '20161023215240187.jpg', '\0', '2016-10-23 21:52:40.207', '\0');
INSERT INTO `picture` VALUES ('901', '7', '53', '20161023215240259.jpg', '\0', '2016-10-23 21:52:40.277', '\0');
INSERT INTO `picture` VALUES ('902', '7', '53', '20161023215240307.jpg', '\0', '2016-10-23 21:52:40.330', '\0');
INSERT INTO `picture` VALUES ('903', '7', '53', '20161023215240459.jpg', '\0', '2016-10-23 21:52:40.490', '\0');
INSERT INTO `picture` VALUES ('904', '7', '53', '20161023215240507.jpg', '\0', '2016-10-23 21:52:40.557', '\0');
INSERT INTO `picture` VALUES ('905', '7', '53', '20161023215240573.jpg', '\0', '2016-10-23 21:52:40.593', '\0');
INSERT INTO `picture` VALUES ('906', '7', '53', '20161023215240639.jpg', '\0', '2016-10-23 21:52:40.673', '\0');
INSERT INTO `picture` VALUES ('907', '7', '53', '20161023215240705.jpg', '\0', '2016-10-23 21:52:40.737', '\0');
INSERT INTO `picture` VALUES ('908', '7', '53', '20161023215240796.jpg', '\0', '2016-10-23 21:52:40.817', '\0');
INSERT INTO `picture` VALUES ('909', '7', '53', '20161023215240840.jpg', '\0', '2016-10-23 21:52:40.873', '\0');
INSERT INTO `picture` VALUES ('910', '7', '53', '20161023215240908.jpg', '\0', '2016-10-23 21:52:40.940', '\0');
INSERT INTO `picture` VALUES ('911', '7', '53', '20161023215240991.jpg', '\0', '2016-10-23 21:52:41.023', '\0');
INSERT INTO `picture` VALUES ('912', '7', '53', '20161023215241038.jpg', '\0', '2016-10-23 21:52:41.070', '\0');
INSERT INTO `picture` VALUES ('913', '7', '53', '20161023215241105.jpg', '\0', '2016-10-23 21:52:41.127', '\0');
INSERT INTO `picture` VALUES ('914', '7', '53', '20161023215241176.jpg', '\0', '2016-10-23 21:52:41.210', '\0');
INSERT INTO `picture` VALUES ('915', '7', '53', '20161023215241238.jpg', '\0', '2016-10-23 21:52:41.260', '\0');
INSERT INTO `picture` VALUES ('916', '7', '53', '20161023215241307.jpg', '\0', '2016-10-23 21:52:41.340', '\0');
INSERT INTO `picture` VALUES ('917', '7', '53', '20161023215241372.jpg', '\0', '2016-10-23 21:52:41.407', '\0');
INSERT INTO `picture` VALUES ('918', '7', '53', '20161023215241440.jpg', '\0', '2016-10-23 21:52:41.473', '\0');
INSERT INTO `picture` VALUES ('919', '7', '53', '20161023215241506.jpg', '\0', '2016-10-23 21:52:41.527', '\0');
INSERT INTO `picture` VALUES ('920', '7', '53', '20161023215241582.jpg', '\0', '2016-10-23 21:52:41.607', '\0');
INSERT INTO `picture` VALUES ('921', '7', '53', '20161023215241775.jpg', '\0', '2016-10-23 21:52:41.833', '\0');
INSERT INTO `picture` VALUES ('922', '7', '53', '20161023215241921.jpg', '\0', '2016-10-23 21:52:41.967', '\0');
INSERT INTO `picture` VALUES ('923', '7', '53', '20161023215242039.jpg', '\0', '2016-10-23 21:52:42.073', '\0');
INSERT INTO `picture` VALUES ('924', '7', '53', '20161023215242106.jpg', '\0', '2016-10-23 21:52:42.140', '\0');
INSERT INTO `picture` VALUES ('925', '7', '53', '20161023215242180.jpg', '\0', '2016-10-23 21:52:42.200', '\0');
INSERT INTO `picture` VALUES ('926', '7', '53', '20161023215242255.jpg', '\0', '2016-10-23 21:52:42.293', '\0');
INSERT INTO `picture` VALUES ('927', '4', '54', '20161023215859655.jpg', '\0', '2016-10-23 21:58:59.783', '\0');
INSERT INTO `picture` VALUES ('928', '4', '54', '20161023215859887.jpg', '\0', '2016-10-23 21:58:59.960', '\0');
INSERT INTO `picture` VALUES ('929', '4', '54', '20161023215859992.jpg', '', '2016-10-23 21:59:00.057', '\0');
INSERT INTO `picture` VALUES ('930', '4', '54', '20161023215900170.jpg', '\0', '2016-10-23 21:59:00.253', '\0');
INSERT INTO `picture` VALUES ('931', '4', '54', '20161023215900346.jpg', '\0', '2016-10-23 21:59:00.417', '\0');
INSERT INTO `picture` VALUES ('932', '4', '55', '20161023215942232.jpg', '\0', '2016-10-23 21:59:42.320', '\0');
INSERT INTO `picture` VALUES ('933', '4', '55', '20161023215942344.jpg', '\0', '2016-10-23 21:59:42.410', '\0');
INSERT INTO `picture` VALUES ('934', '4', '55', '20161023215942506.jpg', '\0', '2016-10-23 21:59:42.607', '\0');
INSERT INTO `picture` VALUES ('935', '4', '55', '20161023215942714.jpg', '\0', '2016-10-23 21:59:42.787', '\0');
INSERT INTO `picture` VALUES ('936', '4', '55', '20161023215942810.jpg', '', '2016-10-23 21:59:42.880', '\0');
INSERT INTO `picture` VALUES ('937', '4', '56', '20161023220014048.jpg', '\0', '2016-10-23 22:00:14.167', '\0');
INSERT INTO `picture` VALUES ('938', '4', '56', '20161023220014269.jpg', '\0', '2016-10-23 22:00:14.340', '\0');
INSERT INTO `picture` VALUES ('939', '4', '56', '20161023220014363.jpg', '\0', '2016-10-23 22:00:14.423', '\0');
INSERT INTO `picture` VALUES ('940', '4', '56', '20161023220014533.jpg', '\0', '2016-10-23 22:00:14.607', '\0');
INSERT INTO `picture` VALUES ('941', '4', '56', '20161023220014629.jpg', '\0', '2016-10-23 22:00:14.683', '\0');
INSERT INTO `picture` VALUES ('942', '4', '56', '20161023220014784.jpg', '\0', '2016-10-23 22:00:14.850', '\0');
INSERT INTO `picture` VALUES ('943', '4', '56', '20161023220014889.jpg', '\0', '2016-10-23 22:00:14.920', '\0');
INSERT INTO `picture` VALUES ('944', '4', '56', '20161023220014954.jpg', '\0', '2016-10-23 22:00:15.007', '\0');
INSERT INTO `picture` VALUES ('945', '4', '56', '20161023220015022.jpg', '\0', '2016-10-23 22:00:15.073', '\0');
INSERT INTO `picture` VALUES ('946', '4', '56', '20161023220015090.jpg', '\0', '2016-10-23 22:00:15.150', '\0');
INSERT INTO `picture` VALUES ('947', '4', '56', '20161023220015257.jpg', '\0', '2016-10-23 22:00:15.303', '\0');
INSERT INTO `picture` VALUES ('948', '4', '56', '20161023220015389.jpg', '\0', '2016-10-23 22:00:15.427', '\0');
INSERT INTO `picture` VALUES ('949', '4', '56', '20161023220015524.jpg', '', '2016-10-23 22:00:15.587', '\0');
INSERT INTO `picture` VALUES ('950', '4', '56', '20161023220015627.jpg', '\0', '2016-10-23 22:00:15.683', '\0');
INSERT INTO `picture` VALUES ('951', '4', '56', '20161023220015815.jpg', '\0', '2016-10-23 22:00:15.903', '\0');
INSERT INTO `picture` VALUES ('952', '1', '57', '20161023220123547.jpg', '\0', '2016-10-23 22:01:23.627', '\0');
INSERT INTO `picture` VALUES ('953', '1', '57', '20161023220123716.jpg', '\0', '2016-10-23 22:01:23.780', '\0');
INSERT INTO `picture` VALUES ('954', '1', '57', '20161023220123827.jpg', '\0', '2016-10-23 22:01:23.883', '\0');
INSERT INTO `picture` VALUES ('955', '1', '57', '20161023220124009.jpg', '\0', '2016-10-23 22:01:24.087', '\0');
INSERT INTO `picture` VALUES ('956', '1', '57', '20161023220124169.jpg', '\0', '2016-10-23 22:01:24.243', '\0');
INSERT INTO `picture` VALUES ('957', '1', '57', '20161023220124297.jpg', '\0', '2016-10-23 22:01:24.370', '\0');
INSERT INTO `picture` VALUES ('958', '1', '57', '20161023220124435.jpg', '\0', '2016-10-23 22:01:24.513', '\0');
INSERT INTO `picture` VALUES ('959', '1', '57', '20161023220124555.jpg', '\0', '2016-10-23 22:01:24.617', '\0');
INSERT INTO `picture` VALUES ('960', '1', '57', '20161023220124688.jpg', '\0', '2016-10-23 22:01:24.747', '\0');
INSERT INTO `picture` VALUES ('961', '1', '57', '20161023220124855.jpg', '', '2016-10-23 22:01:24.920', '\0');
INSERT INTO `picture` VALUES ('962', '1', '57', '20161023220124958.jpg', '\0', '2016-10-23 22:01:25.007', '\0');
INSERT INTO `picture` VALUES ('963', '1', '57', '20161023220125050.jpg', '\0', '2016-10-23 22:01:25.100', '\0');
INSERT INTO `picture` VALUES ('964', '1', '57', '20161023220125155.jpg', '\0', '2016-10-23 22:01:25.203', '\0');
INSERT INTO `picture` VALUES ('965', '1', '57', '20161023220125225.jpg', '\0', '2016-10-23 22:01:25.283', '\0');
INSERT INTO `picture` VALUES ('966', '1', '57', '20161023220125385.jpg', '\0', '2016-10-23 22:01:25.457', '\0');
INSERT INTO `picture` VALUES ('967', '1', '58', '20161023220155256.jpg', '', '2016-10-23 22:01:55.333', '\0');
INSERT INTO `picture` VALUES ('968', '1', '58', '20161023220155390.jpg', '\0', '2016-10-23 22:01:55.453', '\0');
INSERT INTO `picture` VALUES ('969', '1', '58', '20161023220155543.jpg', '\0', '2016-10-23 22:01:55.627', '\0');
INSERT INTO `picture` VALUES ('970', '1', '58', '20161023220155647.jpg', '\0', '2016-10-23 22:01:55.710', '\0');
INSERT INTO `picture` VALUES ('971', '1', '58', '20161023220155798.jpg', '\0', '2016-10-23 22:01:55.873', '\0');
INSERT INTO `picture` VALUES ('972', '1', '58', '20161023220155904.jpg', '\0', '2016-10-23 22:01:55.970', '\0');
INSERT INTO `picture` VALUES ('973', '1', '58', '20161023220156055.jpg', '\0', '2016-10-23 22:01:56.127', '\0');
INSERT INTO `picture` VALUES ('974', '3', '59', '20161208215837450.jpg', '\0', '2016-12-08 21:58:37.480', '\0');
INSERT INTO `picture` VALUES ('975', '3', '59', '20161208215837700.jpg', '\0', '2016-12-08 21:58:37.730', '\0');
INSERT INTO `picture` VALUES ('976', '3', '59', '20161208215837856.jpg', '\0', '2016-12-08 21:58:37.887', '\0');
INSERT INTO `picture` VALUES ('977', '3', '59', '20161208215837996.jpg', '\0', '2016-12-08 21:58:38.027', '\0');
INSERT INTO `picture` VALUES ('978', '3', '59', '20161208215838121.jpg', '\0', '2016-12-08 21:58:38.170', '\0');
INSERT INTO `picture` VALUES ('979', '3', '59', '20161208215838325.jpg', '\0', '2016-12-08 21:58:38.373', '\0');
INSERT INTO `picture` VALUES ('980', '3', '59', '20161208215838465.jpg', '\0', '2016-12-08 21:58:38.513', '\0');
INSERT INTO `picture` VALUES ('981', '3', '59', '20161208215838621.jpg', '\0', '2016-12-08 21:58:38.670', '\0');
INSERT INTO `picture` VALUES ('982', '3', '59', '20161208215838762.jpg', '\0', '2016-12-08 21:58:38.793', '\0');
INSERT INTO `picture` VALUES ('983', '3', '59', '20161208215839559.jpg', '', '2016-12-08 21:58:39.590', '\0');
INSERT INTO `picture` VALUES ('984', '3', '59', '20161208215839684.jpg', '\0', '2016-12-08 21:58:39.730', '\0');
INSERT INTO `picture` VALUES ('985', '3', '59', '20161208215839887.jpg', '\0', '2016-12-08 21:58:39.920', '\0');
INSERT INTO `picture` VALUES ('986', '4', '60', '20161208220803851.jpg', '\0', '2016-12-08 22:08:03.867', '\0');
INSERT INTO `picture` VALUES ('987', '4', '60', '20161208220804085.jpg', '\0', '2016-12-08 22:08:04.103', '\0');
INSERT INTO `picture` VALUES ('988', '4', '60', '20161208220804226.jpg', '\0', '2016-12-08 22:08:04.243', '\0');
INSERT INTO `picture` VALUES ('989', '4', '60', '20161208220804367.jpg', '\0', '2016-12-08 22:08:04.383', '\0');
INSERT INTO `picture` VALUES ('990', '4', '60', '20161208220804492.jpg', '\0', '2016-12-08 22:08:04.507', '\0');
INSERT INTO `picture` VALUES ('991', '4', '60', '20161208220804632.jpg', '\0', '2016-12-08 22:08:04.727', '\0');
INSERT INTO `picture` VALUES ('992', '4', '60', '20161208220804820.jpg', '\0', '2016-12-08 22:08:04.837', '\0');
INSERT INTO `picture` VALUES ('993', '4', '60', '20161208220804960.jpg', '\0', '2016-12-08 22:08:04.977', '\0');
INSERT INTO `picture` VALUES ('994', '4', '60', '20161208220805023.jpg', '', '2016-12-08 22:08:05.040', '\0');
INSERT INTO `picture` VALUES ('995', '4', '60', '20161208220805164.jpg', '\0', '2016-12-08 22:08:05.180', '\0');
INSERT INTO `picture` VALUES ('996', '4', '60', '20161208220805289.jpg', '\0', '2016-12-08 22:08:05.307', '\0');

-- ----------------------------
-- Table structure for thumbnail
-- ----------------------------
DROP TABLE IF EXISTS `thumbnail`;
CREATE TABLE `thumbnail` (
  `id` bigint(20) NOT NULL,
  `channel_id` bigint(20) NOT NULL,
  `album_id` bigint(20) NOT NULL,
  `thumbnail_name` varchar(255) NOT NULL,
  `is_cover` bit(1) NOT NULL DEFAULT b'0',
  `create_time` datetime(3) NOT NULL,
  `is_delete` bit(1) NOT NULL DEFAULT b'0',
  PRIMARY KEY (`id`)
) ENGINE=InnoDB DEFAULT CHARSET=utf8;

-- ----------------------------
-- Records of thumbnail
-- ----------------------------
